price,bedrooms,bathrooms,sqft_living
313000,3,1.5,1340
2384000,5,2.5,3650
342000,3,2,1930
420000,3,2.25,2000
550000,4,2.5,1940
490000,2,1,880
335000,2,2,1350
482000,4,2.5,2710
452500,3,2.5,2430
640000,4,2,1520
463000,3,1.75,1710
1400000,4,2.5,2920
588500,3,1.75,2330
365000,3,1,1090
1200000,5,2.75,2910
242500,3,1.5,1200
419000,3,1.5,1570
367500,4,3,3110
257950,3,1.75,1370
275000,3,1.5,1180
750000,3,1.75,2240
435000,4,1,1450
626000,3,2.25,1750
612500,4,2.5,2730
495000,4,1.75,1600
285000,3,2.5,2090
615000,3,1.75,2360
698000,4,2.25,2200
675000,5,2.5,2820
790000,3,2.5,2600
382500,4,1.75,1560
499950,4,2.5,2860
650000,4,2,1820
625000,4,2.5,2820
400000,4,2.5,3630
604000,3,2.5,3240
440000,2,1,800
287200,3,3,1850
403000,3,2,1960
750000,3,2.5,2390
335000,3,2.25,1580
260000,4,2,1480
308500,2,1,850
439950,3,2.5,1770
235000,2,1,1210
315000,3,1,1160
437500,3,2.25,1970
407500,3,2.5,1930
445700,3,2.5,1270
838000,4,2.5,3310
630000,4,2.75,2710
550000,3,1.75,2910
805000,3,2,2710
284000,3,1.75,1800
470000,5,2.5,2210
430000,4,1.5,1920
491500,4,1.75,2190
785000,5,3.25,3660
385000,3,3.25,1320
295000,2,2.5,1630
555000,4,2.5,3310
459990,3,2.5,2680
625000,4,3.25,2730
300000,3,2.5,2540
625000,4,2.75,2920
553000,2,1,900
379880,3,2.5,1650
310000,3,1,1010
775000,2,2.5,2680
365000,3,2.5,2200
331950,4,2.5,2530
783500,3,2.5,2850
628000,4,2,2280
560000,3,2.5,1900
900000,3,1,1330
531000,2,3,1270
831000,4,3,2170
780000,4,2.5,2730
755000,4,2.5,2120
705380,3,2.5,2490
627000,4,2.25,1990
865000,4,3,3690
580000,2,1,2540
410000,3,2.25,1800
485000,4,3,2340
400000,2,1.75,2110
549000,2,1,1140
620000,3,1.75,1480
405000,2,3,1410
232000,2,1,1200
800866,5,2.5,3180
650000,3,1.5,2160
823000,6,1.75,2920
770000,3,2,2350
524000,3,1.75,1560
541125,5,2.75,2740
670000,3,2.5,1680
384900,5,2.5,3090
406100,3,2.25,1410
1395000,5,3.5,4010
736500,4,2.5,3180
570000,3,2.25,2010
787000,3,1.75,1330
328000,4,2.5,2370
435000,5,2,1840
499000,4,2.5,2910
501000,4,1,2070
1090000,4,2.5,4340
400000,2,1,840
220000,4,1.5,1240
657100,4,1,1390
309950,4,2.75,2310
300000,3,2,1050
525888,5,1.75,2550
740000,4,1.75,2010
340000,5,1,1120
398750,3,2.5,2230
206000,2,1,810
1030000,5,2.75,3190
600000,3,1.75,1670
379950,4,1.75,1970
287000,3,1,1450
2280000,7,8,13540
309950,3,2.5,1880
600000,3,1.75,1880
418000,3,2,1410
449250,4,2,1480
329950,2,1,1140
245000,3,1.75,1920
549000,4,2.5,2910
800000,3,2.5,3240
249950,3,2,1550
210000,5,2,2050
1425000,2,2.5,2220
585000,2,1,1770
615000,4,1.75,2300
618500,3,2,1800
487585,4,1.75,2010
509900,3,2.5,1790
631625,4,2.5,2440
555000,3,2.5,1940
340000,2,1.5,1160
830000,4,2.5,3400
890000,4,4.25,4420
366750,3,3,1571
415000,3,2.25,1620
416286,3,2.5,1408
478000,3,2.5,3040
890000,5,3.5,4490
419190,2,2.5,1590
712198,4,2.5,2450
397000,4,2,1440
450000,2,2,1100
353000,3,1,1350
609000,4,2.5,2150
234000,3,1.75,1490
561000,3,2,2000
469000,2,1,1030
329350,2,1,720
488000,5,2,2020
279900,3,1.75,1580
606000,4,2.5,2110
312000,4,2,1300
650000,3,1.5,1630
1135000,4,2.75,3370
325000,4,2.5,1890
425000,4,2,1520
219000,2,1,900
250000,3,1,1050
390000,3,1.75,1260
475000,6,3,3470
736000,4,2.5,2290
407000,4,2.25,2810
272000,3,2.5,1650
362000,3,2.25,1640
535000,3,2.5,1850
284000,4,2.5,2000
367500,3,1.5,1410
379900,4,1.75,1500
520000,3,2.5,2460
175000,3,1,1010
460000,2,2.25,1230
345000,4,2.5,2331
455000,5,2.5,2240
610000,4,3,2450
563000,4,3,3100
612500,4,2,2060
218000,3,1.75,1850
404000,4,1.75,1840
860000,4,2,3740
136500,3,1.5,1420
313950,3,1,1510
575000,3,1.75,2130
1225000,4,2.25,3490
280000,3,1.75,1630
515000,3,2.5,1790
513000,4,2.5,2000
599000,4,2.25,2260
685000,4,2.5,3030
365000,3,1.5,1310
762300,4,2.5,3880
1580000,4,3.25,3760
562000,5,2.25,3040
530000,5,2.5,2910
525000,3,2.5,2970
484000,2,1.75,1660
725126,4,2.5,3200
360000,4,2,2680
387000,3,1,1230
483500,4,2.5,2740
655500,4,3.5,3380
345000,3,1,1110
533000,5,2.75,1800
385000,3,1.75,1900
675000,2,1,930
197000,3,1.75,1690
485000,3,2,1420
1870000,5,4,4510
295000,3,2.25,1980
499000,2,1.75,1170
1050000,3,2.5,2200
191000,3,1.5,800
500000,3,2.5,1480
390000,5,3.75,2890
979000,3,2.5,2690
580000,4,3.25,3569
369950,3,2,1270
1800000,5,5,4490
776000,4,2.5,3040
519950,3,2.25,1170
255000,5,2.25,2060
495000,3,1,990
510000,4,2.5,2430
1150000,4,4,4460
253000,3,1.75,1250
503000,3,2.75,1540
275000,3,2.5,1600
249000,3,1,1110
310000,3,1.75,1840
750000,3,2.75,2520
630000,3,2.5,2680
599999,9,4.5,3830
758000,4,2.75,2410
248500,4,1.75,1720
310000,3,1.75,2070
460000,3,2,1760
675000,3,1.75,1680
526000,2,2,1550
560000,3,3,4120
415000,4,3,1830
246000,3,1,1400
314500,3,1.75,1870
3200000,7,4.5,6210
420000,2,1.5,1040
535000,3,1.75,2720
350000,3,1,1010
515000,3,1.75,1580
749950,4,2.75,2600
230000,3,2.5,1920
568000,3,2,2350
250000,1,1,1100
581000,4,2,2510
651000,3,2.5,3240
600000,3,2.5,2460
500000,2,1,1010
475000,2,1,820
352000,5,2.5,2420
420000,3,2.25,1770
428000,2,2,1350
599000,3,1.75,1960
492000,4,2.5,3305
630000,2,2.25,2550
900000,5,3.75,4130
1110000,4,1.5,2310
575000,4,2,1650
705000,4,2.5,2650
940000,4,2.25,1890
313000,3,1.75,2190
618080,3,2.5,2030
640000,3,3,2270
485000,3,2,1610
300000,2,1,760
379500,2,1,1640
339950,3,2.25,1630
1500000,6,2.5,3560
1340000,3,3,2960
500000,3,2.5,1940
239900,3,2,1410
314950,3,1,1040
361280,2,1,820
100000,2,1,910
540000,7,5.75,3700
480500,4,2.5,2180
280000,3,2.5,1600
440000,3,1.75,1500
530000,3,1,1340
560000,3,2,1860
775000,3,2,2540
160000,2,1,1040
209950,3,1.5,1380
226500,3,1.75,1640
380000,5,1.75,3000
409500,4,2.75,2140
690000,3,2,1760
405000,3,2.25,1660
375000,3,2.5,1830
794154,4,2,2210
185000,4,1,1490
245000,3,1.5,1260
1532500,5,4.5,4270
1040000,4,3.5,3900
425000,2,2.5,1150
495000,4,2.75,2656
365000,5,2.75,2410
417250,3,2.25,1606
339950,2,1,820
615000,2,1,1540
403000,3,2.75,2090
980000,5,2.5,3160
258000,4,1.75,1730
533000,3,1,1670
537500,4,2.5,2550
830000,5,3,3040
712000,3,1,1250
262000,4,2.5,2020
753888,4,2.5,2660
134000,2,1.5,980
402000,3,2.5,1960
205000,2,1,720
553650,2,2.5,1360
559950,2,2,1870
260000,4,1.5,2130
270000,4,2.5,1810
295000,2,1.75,2200
719000,3,2.5,1690
266000,3,2.5,1940
325900,4,2.5,2320
647500,4,1.75,2060
1039000,4,1,3410
569000,4,2.25,2250
246000,3,1.75,1390
515000,2,1,1060
207000,3,1,1490
780000,4,1.75,2480
489990,5,2.25,2440
335000,3,1.5,2240
295000,3,2.5,1920
385000,3,1.75,1890
350000,4,1.75,2250
235000,2,1,1270
358000,2,1.5,960
716500,4,2.5,3290
228000,4,1.75,2000
405000,2,1,1020
538000,4,1.75,1840
530000,3,1.75,1980
1750000,6,3,3510
636000,2,1.75,1230
535000,4,2.5,2280
1500000,3,1.75,2430
868500,3,2.5,2920
530000,4,2.75,2280
450000,3,2,1510
230000,3,1.75,950
229000,3,2.5,1190
437000,3,1.75,1310
1307000,5,3.25,2800
595000,3,2.5,1750
660000,3,1.75,1320
347500,4,2.5,2460
297950,3,2,1240
245000,3,1.5,1260
543200,6,2.25,2820
1250000,4,3.25,3820
413450,3,2.5,1540
330000,2,2,1550
424500,3,1.75,1460
230000,3,1,1390
930000,3,3.25,2640
349000,3,1.75,1590
835000,4,2,1910
988500,3,2.75,2015
500000,3,1.75,1410
499000,2,1.5,1110
321950,2,1.25,860
494000,3,2.5,2310
441750,2,1.5,1020
438000,2,1,980
985000,4,2.25,4230
352000,3,2.25,1640
839900,4,3.5,3810
765000,4,2.75,2790
460000,4,1.75,1750
224500,4,1,1430
254000,3,2.5,1850
255000,2,1,960
610000,3,3,2480
920000,4,3,3750
402500,4,2.5,2600
280950,3,1.75,1390
604000,4,2.5,2260
565000,4,2.25,2470
255000,2,1,810
445000,4,2,1650
2400000,3,2.25,3000
195000,2,1,720
275000,3,1.5,1390
387000,3,2.25,1445
490000,2,1,1840
505000,3,2.5,2100
303500,3,1.5,1060
270000,3,1.5,1500
323000,4,2.75,1970
382000,3,3.25,1410
1370000,4,2.75,3720
280000,4,2,2190
260000,3,2,1920
201500,3,1,1160
1157200,4,4.25,5860
536500,4,1.75,2000
248000,4,3,2163
532000,5,3,3480
580000,4,2.5,2840
463000,2,1,1150
742500,4,2.75,3100
260000,3,2.5,1420
590000,4,2.25,2430
312000,4,2.25,1930
566000,3,2.25,1660
511555,3,2,1400
583000,4,2.5,2660
290000,4,2.5,2000
311100,4,2.25,2130
325000,3,2.25,1352
491300,3,1.75,1750
315000,5,1.75,2320
360000,2,1,1420
330000,4,2.5,1940
481450,3,2,1410
234950,3,1,1360
251000,3,1.75,1220
782000,4,2.5,2830
833000,4,2.75,3780
542500,4,2.5,2330
851000,3,2.5,3560
325000,4,1.5,1470
415000,4,2.25,3060
252500,3,1,1030
465000,4,2.5,1930
336900,3,1.75,1780
225000,3,2.5,2000
270000,3,2,1690
1702500,5,4.5,5190
536000,3,1.75,1300
585000,4,3.25,2400
445000,2,2,1150
320000,4,2.25,2310
769900,4,3.5,2730
557000,4,2.5,2840
212000,2,1.5,1020
376000,3,2,1340
800000,4,3.25,3540
2238888,5,6.5,7270
324000,3,2.25,998
549900,5,2.75,3060
320000,3,2.5,2130
875000,4,2,2520
265000,4,1,1940
394950,3,2.5,1350
842500,4,2.5,2160
368000,3,2.5,1370
1225000,4,4.5,5420
885000,4,2.5,2830
453246,3,2.5,2010
927000,4,2.75,3300
490000,2,2.5,1230
341000,3,1.5,1720
235000,1,1,810
1200000,3,1.75,1560
560000,3,2,2560
900000,4,3.25,4700
255000,2,1,1220
1575000,5,2.75,3650
876650,3,3.25,2170
540000,4,2.25,2540
350000,2,1,910
750000,4,2.5,2980
582000,4,1.75,2120
1315000,4,3.5,3460
372500,5,3,2480
410000,3,2.25,2200
360000,4,2,1730
1015000,3,2.5,2920
225000,3,1,990
647000,4,2.5,3040
950000,5,3,4530
185000,3,1.5,1370
335000,3,2.5,1940
210000,3,2.5,1040
522000,4,2.25,1800
770000,3,1.75,1720
499950,3,1,980
751000,4,2.5,3110
330000,5,3,2100
465000,3,1.5,2020
850000,4,1.75,2350
947500,4,2.25,3290
302000,5,2.25,2180
500000,2,2.25,1290
201000,3,1,1460
265000,2,1,1290
870300,4,2.5,2350
339000,3,1,1080
690000,4,2.5,2670
788000,4,3.25,3680
315275,3,1.75,1440
505000,4,1.75,1940
368000,3,1,1280
947500,3,2.75,2980
156000,3,1,970
610000,4,3,2110
420000,2,2.5,1480
192000,2,1,700
910000,3,2,2700
1300000,4,3.25,2330
1346400,5,1.75,3380
840000,4,2.75,2600
300000,2,1.75,1360
505000,4,2.5,2780
110000,3,1,1250
746000,3,2.5,2620
211000,3,1.5,1350
675000,4,3,2400
734200,4,2.5,2760
1225000,4,2.25,3070
615000,2,1.75,2040
630000,4,2,1770
1264000,4,3.75,3490
301500,2,1.5,830
369000,2,2.5,980
635000,3,2.5,1570
1033888,4,3.25,3270
383000,4,2.5,2160
1050000,4,3.75,3280
455000,4,2.5,3360
819900,5,2.75,3150
625000,3,3.5,1810
651000,4,2.5,2740
480000,5,4.75,3830
757000,3,3.25,3190
460000,3,2.25,2350
267345,4,2.25,2510
530000,2,2,1680
449500,3,2,1770
289000,3,1,1090
373000,5,2.5,3001
525000,5,3,2450
777000,3,3.25,3610
550000,4,2,2250
523000,3,1.5,1240
628000,4,2,2260
581000,4,1.75,2090
245000,5,1.75,2020
415000,3,1.75,1960
1895000,5,2.25,3120
225000,3,1.5,1250
287000,3,2.25,1490
799200,6,3,2890
239950,3,1,1900
591000,3,1.75,1680
700000,3,2.5,2030
475000,4,2.5,3740
575000,3,1.75,1580
771000,3,2.25,1780
155000,2,1,910
550000,7,4,3440
645000,3,2.5,1740
464000,5,2.5,3400
1050000,4,3.25,4400
350000,3,2.5,2010
591000,4,2.25,2710
2555000,4,2.5,5300
717000,3,1.5,1310
225000,4,1.5,1950
225000,3,1,1040
345000,3,1.75,1090
230000,2,0.75,650
385000,3,2,1480
90000,2,1,790
860000,4,2.5,3560
675000,4,2.5,3000
975000,4,2.5,3490
780000,3,1.75,2340
370000,3,1.75,1650
665000,3,2,1940
675000,5,3,3410
620000,3,1,1710
1105000,4,1.5,2740
450000,3,2.75,1250
450000,3,2.25,2450
530000,3,1.75,1690
635000,4,1.75,1950
580000,5,2,2290
1550000,5,3.25,3370
285000,3,1,1090
375000,3,1,1190
1400000,5,4.25,3530
560000,3,1,1440
405000,4,1.75,2180
413000,4,1,1410
287600,3,2.5,1950
1680000,5,3.25,4860
225000,3,1,1660
319000,3,1,1390
322500,3,2,1350
570000,3,2,1530
465000,3,1.5,1270
435000,4,2.25,2140
502000,4,2.5,2040
525000,3,3.5,2876
525000,3,2.5,1580
660000,4,3.5,3400
870000,4,2.5,3520
650000,4,2.5,2210
505000,4,2.5,2790
330000,3,2.5,1450
385000,4,1.75,1620
306000,3,1.5,1220
546000,3,1.75,2000
925000,4,2.5,2190
542000,4,1.75,1900
800000,3,1,1700
620000,5,2.5,2540
175000,2,1,1170
740000,5,5,5774
345000,3,2.25,2120
510000,3,1.75,2170
530000,4,2.75,2450
155000,2,1,700
266000,3,2.5,1780
257200,3,2,1850
265000,3,2,1570
372220,3,1,1290
337500,5,2,1700
582500,2,1.5,1159
489200,3,2.75,1850
405100,2,1,840
372977,3,2.5,1690
310000,3,1,1050
538000,3,1.75,1400
1400000,3,2.5,2550
317000,3,2.5,1840
702500,3,1.5,2360
565000,4,2.5,2240
723000,4,2.5,2700
766950,3,2.5,3030
682000,3,1.75,1830
325000,3,2.5,2220
543000,3,2.5,2090
525000,3,1.75,1600
364000,4,1.75,2010
394475,2,1,830
316000,4,2.5,2010
339950,3,1,1050
486000,4,2.5,2150
160000,3,1,860
930000,3,2.5,3100
139000,3,1,1100
562000,3,1.5,1830
299000,2,1.75,1250
511000,3,2.5,1820
499000,3,2,2090
356000,3,3.5,2100
470000,4,2.5,2310
715000,4,2.25,2060
1120000,4,2.25,4470
458000,3,1,1660
966000,5,4.5,3810
305495,3,1.75,2110
543000,2,2,2370
340000,3,2.25,1970
633100,4,2.5,2470
310000,3,1,1480
349950,5,3,2257
267800,2,1,700
234000,4,2,1630
740000,4,2.5,3430
607500,5,1.75,2220
223000,3,1.75,1340
400000,2,1,980
802000,3,2.5,2580
253000,4,2.5,2230
1058000,4,2,2290
300000,3,1,1260
625000,4,2.75,1680
707000,4,3.25,3200
950000,4,2.5,3320
420000,4,2.5,3040
498000,4,2.75,2270
450000,3,2.5,2910
955000,5,2.25,2510
215000,2,1,1240
437000,3,2.75,2580
773000,3,2.75,2470
1222500,4,3.5,4910
256883,3,2.5,1690
592500,4,2.5,2240
252350,3,2,1650
370000,4,2.5,2710
465750,3,1.5,1260
185000,3,1,1150
582800,4,2.75,2550
245000,3,1.75,1490
302000,4,1.75,2020
451555,2,1,1320
250000,3,1,1230
255000,4,2.5,2070
840000,4,1.75,2930
190000,3,1,1090
349950,3,1,1400
613000,4,2,1550
300000,3,1,1220
455000,3,2.5,1870
335000,3,2.25,2150
197500,3,1,980
412500,3,1.5,1490
395300,3,1.5,1120
342400,3,2.25,1180
749400,4,2.5,3240
316500,4,2.5,2150
390000,3,2.5,2240
225000,3,2,1400
550000,3,2.25,1980
280000,3,1,1330
1255000,4,2.5,3200
575000,2,1,1490
1000000,5,4.25,3920
585000,5,1.75,2000
620000,4,2.5,2680
204700,4,2,1670
695000,4,3,3150
689900,4,3.25,2740
375000,4,1.75,1890
475000,7,3.5,2870
215000,3,1,1160
2100000,4,1.75,3550
790000,3,1.75,1790
350000,3,1.75,1680
695000,3,2.5,4560
263000,3,2.25,1590
400000,3,1,1630
525000,3,2.5,2700
349950,3,2.5,1700
1085000,4,3.25,3740
744000,4,3,1980
312500,2,1,880
240000,3,2,1400
495000,4,2,2050
580050,3,2.5,2360
640000,4,2,2560
417000,3,1.5,1340
174950,3,1,1060
295000,3,1.5,850
423000,4,1.75,1880
839000,3,1,1230
343000,4,1.75,2290
467000,3,1,1660
512500,3,2.5,1840
575000,4,2.5,3020
465000,3,1.75,1410
270000,3,1,1010
340000,3,1.75,1960
765000,5,3.75,3580
497000,4,2.5,2240
803100,4,2.5,3310
344000,3,2.5,1232
828950,4,3.5,3930
386380,3,2.5,1720
312000,3,2.25,1490
720000,3,2.5,3150
914500,4,2.5,3950
819995,5,2.75,3030
252700,2,1.5,1070
437500,3,2.5,2320
350000,1,1,700
619000,3,2.5,2720
408200,3,2.5,1800
451000,3,1.75,1560
317000,3,2,1760
799000,4,3.25,3120
720000,2,1,2020
490000,3,2,1450
239900,4,2.25,1860
446000,4,2.25,2270
275000,3,2.5,1480
239950,5,1,1460
248000,4,3.5,1850
619500,3,2.5,2170
363750,3,1.75,1726
385000,3,1.75,1180
370000,4,1.5,1370
425000,3,2.5,2670
342000,3,1,1260
345000,4,1,1980
724800,3,2,2050
725000,5,2.75,2830
605000,2,1,910
350000,4,2.5,2440
785000,3,2,2180
250000,3,2,1900
565000,3,2.25,1520
875000,3,2,2220
862500,4,2.75,3280
400000,3,2.5,2740
282613,2,1,830
174500,2,1,1010
306500,3,2.25,2060
445000,3,2.25,1990
433000,4,2.5,2280
306000,3,2.5,1870
620000,3,2.25,1720
245000,2,1,870
238000,3,2,1020
523000,3,1.5,1260
522500,3,2.5,2370
180000,3,1,1000
375000,3,1.5,1100
249000,3,2.25,1440
730100,4,2.5,3120
551000,2,2,2260
375000,4,2.5,2790
540000,1,1,1140
605000,3,2.25,1290
205000,5,1.75,1730
645000,4,2.5,3160
314000,4,2.5,2340
330000,3,1.5,1170
490000,2,1,1160
445000,3,3,1970
2000000,5,4.25,6490
377500,3,2.25,1410
480000,4,2.5,2430
804995,5,1.5,3360
341000,3,2.5,1480
675000,5,2.5,3200
611000,3,2.5,2134
379950,3,3.25,1860
1270000,4,3,5520
500000,2,2.5,1310
410000,3,2,1700
415000,3,2.5,2480
297000,5,2.5,1970
575550,4,2.5,2060
534640,3,2.5,2130
352500,3,2.25,1410
488000,2,2,1360
732000,3,2,1940
215000,2,2.25,1610
592500,2,2,1420
290000,4,2.5,1700
475000,2,1,1490
320000,3,2.5,2680
1216000,4,2.5,3190
290000,5,1.5,2120
487250,4,2,1690
339000,4,2.5,1830
440000,2,1.5,1010
366500,4,2.75,2070
462000,3,1.5,1710
560000,4,1,1660
285000,4,1.75,2080
280000,3,2.5,1270
210000,3,1,1080
690000,3,2,1610
256500,2,1,1120
411000,4,2.75,2500
215000,3,1,970
762000,5,2,3370
359950,3,1,1290
480000,4,3.5,3370
1405000,4,3.5,3410
390000,4,2.5,2490
413500,2,1,770
285000,1,1.5,810
475000,4,2.5,3060
386591,3,2.5,1690
524950,3,1.75,1890
241000,2,2,1470
461000,2,1,1060
810000,4,2.5,3480
885000,4,2.75,2730
247000,3,2.25,1580
296500,3,2.75,2170
141800,2,1,930
333000,4,2,1580
602000,5,1.75,3290
565000,4,2.25,2110
373000,3,2.5,1670
588000,3,2.25,2030
485000,3,1,1500
482500,3,2.25,1450
251200,4,1.5,1310
869000,5,3.25,4180
464000,3,1.75,1630
755000,4,2.5,2660
280000,3,2.5,1720
485000,2,2.25,1260
305000,3,1.75,1610
110700,2,1,680
850000,4,3.5,2640
350000,3,2.25,1640
319950,4,1.75,2310
700000,3,1.75,2010
368000,2,1.5,1660
433500,3,2.5,2200
611000,4,2.5,2460
1000000,2,1.75,2430
307000,3,1,1370
442500,3,1.75,1800
485000,3,1.75,2200
367000,2,1,700
429000,3,2.5,1920
446000,5,2.75,2190
572500,3,2.25,2030
477000,3,2.5,1350
518000,3,2.5,1680
462000,5,1.75,1250
1190000,4,3,2240
137000,3,1,950
530000,3,3.5,2320
818000,2,2.5,2380
640000,2,2.25,1540
298450,5,3,2100
575000,4,2.5,2500
730000,4,2.5,3230
551000,3,2.5,2830
271310,2,1,870
675000,4,3,2690
479000,3,2.5,1260
520000,4,3.5,2680
599950,3,2.5,2660
483945,2,1.75,1480
390000,4,2.25,1770
192500,2,1,950
330000,2,1,860
250000,4,2,1960
243000,2,1,1770
575000,4,1.75,1280
639000,4,2.5,2150
710000,2,1,1790
675000,3,2.25,1990
405000,5,2.5,2430
615000,4,2.75,2820
490000,3,1,1910
467000,3,2.25,1270
480000,4,2.75,2050
755000,6,2,2150
760000,4,1.75,2450
387000,2,2.25,1230
925000,4,2.25,2260
415000,2,1,1050
263000,3,1.75,1570
519900,4,2,1820
570000,2,1.75,1540
450000,3,1.5,2060
1300000,4,3.5,4380
300000,3,1,1090
320000,3,1.75,1480
387500,4,1,1320
458000,1,2.25,2140
1212500,4,3.5,4560
380000,4,3,2800
200000,3,1,1050
385000,3,1.5,1490
396675,2,1,1730
452000,4,1,1210
426000,4,2.5,2800
792000,3,1.5,1570
315000,3,2.25,1400
1275000,4,2,2850
326000,6,3,1880
268500,2,1,790
440000,2,1.75,1300
300000,3,1,2120
525000,3,1.5,1540
978000,4,2.75,2620
1125000,6,3,2880
700000,4,1,1680
315000,2,1,790
309000,3,1,1092
219950,3,1.5,1650
289000,3,2.5,2090
210000,4,1.75,2180
260000,4,2.5,1990
699000,4,2.5,2650
1800000,4,3.5,4460
299950,3,1,910
749950,3,2.5,2770
1100000,3,2,2390
555000,3,2.5,3050
384000,3,2.5,1700
499950,5,3.5,3200
430000,3,1.75,1200
350000,4,2.25,2220
620000,3,2.5,2480
765000,4,2.25,2560
250000,4,1.5,2500
376000,2,1,1150
475000,4,1.75,1650
120750,3,1.75,1140
1690000,3,1.75,3400
330000,3,1,1180
619500,3,2.5,1700
345000,3,1.5,1240
598000,5,2.25,2890
335000,3,1,1060
372500,4,1.75,1590
300000,6,5.25,2860
194000,1,1,820
507500,3,2,2020
325000,4,2.25,1870
329900,3,2.5,2170
329000,4,2.5,1600
494000,4,1.75,2090
206000,4,2,1700
423000,4,1.75,1940
259000,3,1,1320
879950,4,2.25,3500
345600,5,3.5,2800
395000,3,1.5,1080
625000,4,2.5,3550
439000,3,2,2010
380000,3,1.75,1690
440000,3,1.5,1270
415000,3,2.25,1970
860000,4,2.75,3160
500000,3,2.5,1210
953007,4,3.5,3120
515000,4,2.5,2670
772000,3,2.25,1640
329995,4,2.5,2303
409316,3,2.5,1800
490000,5,3.5,4460
305000,2,2.5,1590
785000,4,3.5,3070
240000,2,1.75,1330
325000,3,1,990
535800,4,2.5,1900
720000,3,2.5,2020
374000,3,1.75,2000
189650,2,1.75,1100
420850,1,1,960
815000,4,2.75,3488
1065000,2,1.75,1890
199000,4,2,2030
195000,3,1.75,1380
1506000,4,3.25,3660
288400,3,2.25,1870
442000,4,2.25,2080
619420,4,2.75,2450
635000,4,2.25,2750
210000,3,1,1240
512500,3,2.5,1900
567000,3,2.5,2540
525000,3,2.75,2100
475000,4,2,1790
250000,3,2,1170
220000,3,1,1060
230000,5,2,1930
385500,3,2,1540
895000,5,3,2876
368250,3,2.5,2150
249900,2,1,1140
350000,3,1.5,980
175000,3,1.75,1230
270000,3,1.75,1390
495000,3,3.5,2380
1580000,3,3.25,3690
542500,5,3.25,3010
330000,3,1,1250
1003000,4,2.75,2290
299800,2,1,790
299900,3,2.5,2720
691000,4,2.75,2550
195000,2,1,1080
405000,3,1.75,2470
360000,2,0.75,850
256750,3,2.5,1990
332500,3,2.25,1800
975000,5,4,4850
218000,3,1,1020
429000,3,2.5,2420
589000,4,2.5,2910
255000,3,1.5,1060
668750,4,2.5,2340
344500,4,2.75,1800
452000,4,2,1660
540000,3,1.75,1300
246000,3,1.5,1780
535000,2,1,1030
970000,4,3.25,2790
430000,3,1,1150
520000,4,2.5,3290
712000,4,2.5,3400
450000,2,1,1200
220000,4,2.5,2160
525000,3,1,1450
1220000,4,2.5,3240
540000,3,2,1470
600000,4,2.5,2360
600000,3,2.25,2230
625000,4,2.5,2630
150000,3,1,1010
389999,3,2.25,1445
285000,3,1.75,2380
744000,4,2.75,2830
700000,4,2.5,3010
318989,4,2.25,2000
556000,3,2.25,2020
275000,3,2.5,2030
430000,3,2.75,2550
300000,2,1,970
396450,3,1.75,1540
225000,2,1,1396
700000,4,3.25,2780
260000,6,2,2220
655000,4,3.5,2350
1185000,3,2.25,2760
1550000,3,2.5,4460
413800,3,2,1440
950000,5,3.75,5330
334990,4,2.5,2220
2700000,5,4.75,5305
1030000,3,4,3880
1130000,4,3.25,3810
556000,3,3,1960
360000,3,2.5,1530
480000,4,2.25,3250
324000,3,2.5,1750
1050000,4,3.25,3440
275000,1,0.75,1170
180000,3,1,870
749000,4,2.5,2930
1600000,3,2.5,3160
373500,2,1,800
770000,4,2.5,2350
356000,2,1.75,1060
625000,3,1.75,2060
494400,2,1.75,1560
585000,4,1.75,3000
926300,3,1.5,1660
600000,3,1.75,1650
430000,4,3,3220
307000,3,1.5,2320
604700,4,2.75,2750
219900,3,1,910
270000,2,1.5,840
432000,3,2.25,1470
300000,6,2,2040
361000,3,1,1100
249950,2,1,940
320000,3,2,1110
305000,4,1.75,2200
503000,2,1.75,2860
235750,2,1,740
657000,4,1.75,2740
385000,3,1,1250
389950,4,2.5,3140
150000,2,1,820
254500,4,2.75,2570
555000,4,2.25,2350
1075000,4,3,3600
245000,4,2,1580
319950,2,1,1070
337000,3,1,1070
492000,4,2,1640
1170000,3,2.75,2890
348580,3,1,1220
180000,2,1,1400
400000,3,1,1040
295000,4,2,980
910000,4,3.25,3340
1150000,6,4.5,6040
431500,3,3.5,1900
180000,4,1.5,1740
677000,3,2,2000
1180500,3,1.75,1610
635700,4,2.5,3240
482000,5,2.25,2230
168000,2,2.5,1160
805000,4,2.75,2410
398000,2,1,590
665000,4,2.5,2600
592500,4,3,2170
940000,4,2.75,2080
655000,4,2.5,2860
622500,4,2.5,2980
380000,2,2.5,1230
648360,4,1.75,2260
432000,3,2.75,2200
1050000,4,2.5,3030
353250,2,1,1060
1000000,4,3,4260
320000,3,2.25,998
349900,4,2.5,2052
330000,4,3.5,3150
408000,3,2.25,1950
321000,3,2.25,1347
1051000,4,3.75,3860
2150000,4,5.5,5060
359000,3,1.5,1360
300000,5,2.5,2760
380000,5,3.5,2420
660000,3,2.5,2450
355000,3,2.25,1280
259000,3,2.5,1550
353000,1,1,550
430000,2,2.5,1520
460000,3,1,1670
80000,1,0.75,430
782000,4,2.5,2380
218000,3,1,960
325000,3,1,1920
980000,4,3,3680
902000,4,2.25,2530
556000,5,2.5,3840
662990,3,1.75,1240
225000,2,1,1300
439950,4,2.5,2380
175000,2,1,1300
306000,2,1,780
235000,4,2.5,1810
399500,3,1.75,2420
478000,3,1,1280
515000,2,1,1680
550000,3,2.5,2510
149000,3,1,1700
526000,3,1.75,1680
527550,1,0.75,820
1050000,3,4,4380
625000,3,2.5,2600
950000,5,3.25,3400
377691,5,1.75,2120
648475,4,2.75,2250
383000,3,1,1800
535000,3,2.5,2210
449950,3,2,1560
465425,4,2.75,2430
675000,4,2.5,2560
599000,3,2.75,1960
416000,3,1.5,1110
595000,2,1.5,1030
200000,4,1,1350
402000,3,2,1540
433000,4,1.75,1830
275000,4,1.5,1930
410000,3,2,1650
554820,4,2,3510
1325000,4,3,3370
735000,3,2.5,2390
607000,3,1,1230
549900,4,3,2830
258000,3,1.75,1620
661254,4,4,2290
945000,4,2,2840
799950,4,3.5,4220
132500,3,1,1080
467100,3,1.75,1620
1610000,4,3.5,4390
641000,3,1.75,1620
350000,3,1,1010
335000,4,2.5,1750
900000,3,3.5,4080
440000,4,2.5,2560
464600,3,1.75,1120
1200000,4,3.5,4740
300000,2,1,1340
670500,4,2,1590
552000,3,1,1430
244000,4,1,1450
788600,4,2.75,3500
445000,3,2,1630
530000,4,1.75,1814
90000,2,1,580
585000,3,2,1670
498000,2,2,1140
379000,2,1,800
462000,3,1.75,1300
388000,4,2.5,2440
255000,3,2,1490
665000,3,2.75,1800
550000,3,2,1830
606000,3,1,1500
334000,4,2.5,2210
360000,3,2,1270
235000,2,1,1140
580000,3,2.5,1620
355000,3,2,1220
375000,2,2.5,750
372000,4,1.75,1960
479000,3,1,1370
2000000,5,4,4580
1680000,4,4.25,5584
501000,2,1,1010
245000,3,1.75,1260
496700,3,2.5,1740
347000,4,1.5,2670
199000,2,1,720
440500,3,2.5,2460
820000,4,2.5,3670
325000,4,3.5,2630
195000,3,1.75,1570
675000,3,3,2980
295000,3,2.5,1560
355300,3,2.5,1620
276000,3,1,1140
460000,2,1.5,2730
880000,3,2,2130
370000,3,2.5,1780
346000,4,2.5,2100
172500,3,1,1140
379950,3,1.5,1690
468000,2,1,1160
477000,4,2.75,1720
529000,3,1,1210
312000,3,1.5,1255
326100,2,1,880
360000,3,1,1050
438000,3,1.75,1650
360000,3,1,1570
1050000,4,2.5,2920
688000,4,3,3000
585000,3,1.75,1850
265000,3,2.5,1440
375000,3,1.75,1440
326500,3,1,1810
160000,2,1,1180
1570000,4,3.75,3070
735000,5,2.75,3390
400000,2,1,1470
800000,4,2.5,2680
949880,4,2.25,2290
405000,3,1.75,1980
399000,4,2.5,2870
730001,3,2,1840
1795000,4,3.25,4060
260000,3,2,1630
751750,2,2,1880
325000,3,1.75,1780
344950,4,2,2330
457500,3,1.75,1840
389000,5,2,2330
515000,4,2.5,3200
732000,3,2.5,2330
415000,3,2.25,1950
1655000,4,3.5,3080
535000,2,1,1040
540000,4,4.25,1960
525000,5,3,2750
570000,3,1.75,1930
569950,5,4.5,4850
283200,4,2.5,1982
1100000,3,2.75,2640
830000,4,2.5,1850
495000,4,2.25,1940
292050,5,3,2840
415000,5,1.5,1900
295832,5,1,1410
450000,4,2.5,2520
1381000,4,3.75,3160
857000,4,3,3720
499950,3,3.5,1820
465000,3,2,1560
329000,3,1,1600
475000,3,2,1230
255000,3,1,960
435000,3,1,1270
685000,3,2.5,2810
715000,2,2.5,2160
780000,3,3,2520
345000,2,1.5,1180
355000,4,2.25,1810
282000,3,2.5,1680
244000,3,1,910
967500,3,3.75,3250
375000,3,1.5,2000
1600000,3,3.25,3790
527500,3,1.75,2310
994000,3,2.25,2510
313000,3,1.75,1320
587000,3,2.25,2370
304000,3,1,900
675000,3,2.5,2540
305000,4,1,2100
280000,3,1,1200
960000,5,4,3720
500000,3,2.25,1760
274950,3,1.75,1670
455600,3,2.5,2420
970000,5,3,3480
312900,4,2.5,1630
535000,4,2.5,2340
427000,2,1,920
405000,2,1,910
480000,3,1,1150
725000,3,1.5,2500
293000,4,2.5,3250
268000,4,2,1930
475000,4,3.5,3400
488000,3,2.5,1590
760000,4,2.5,3330
1710000,5,4.5,4590
754950,3,2.5,2610
263900,3,2.5,1658
460000,3,3.5,1600
399950,3,3,1296
370000,2,2.25,1280
1149000,4,3,5940
450800,4,3.25,2510
627000,3,3.5,2710
495000,3,2.5,1750
310000,3,1,1430
550000,4,1,1660
215000,2,1,1320
799000,4,3,2580
630000,4,2.5,2740
267000,3,2.5,2495
900000,6,2.75,2300
365000,3,1.5,1300
544500,4,2.5,2230
599000,4,2.75,2020
815000,4,2.25,2000
254000,2,1,1060
740000,2,1.75,2080
225000,3,2,2030
925000,3,2.5,2690
1285000,4,2.5,3240
537000,3,2.5,1550
335000,4,2,1480
840000,4,2.75,3040
224000,3,1.5,1560
395000,3,2.5,2250
450000,3,1,1100
681000,3,1,1700
898000,5,1.5,2680
370000,3,1,800
429000,2,1.75,1350
150000,3,1,820
555000,3,2.5,3160
326000,3,2.75,1720
225000,3,2.5,1680
245100,3,1.75,1300
665000,3,2.5,2190
535000,3,2.5,1720
305000,3,1,1160
999000,7,4,3150
215000,3,1.75,1210
432500,3,1.75,1980
655000,4,2.5,2990
266200,3,1.5,1430
244615,3,2.5,2060
460000,4,3,2230
370000,4,2.5,3090
465000,6,3.25,4250
1175000,3,2.5,1970
189000,2,2,1700
820000,3,2.5,2510
968000,6,2.75,3610
1400000,4,3.25,2980
438750,3,1.75,1610
1210000,4,2.75,3650
600000,4,2,2510
589000,3,1,1110
590000,3,2,1650
479900,3,2,1980
210000,2,1.5,880
745000,3,1.75,1490
840500,3,2,2520
420000,3,1.75,1820
565000,7,4.5,4140
840000,4,2.5,3420
681716,4,2.5,3150
600000,3,1.75,1580
380000,3,2,1660
168500,3,1,1100
355000,2,1,1270
277000,4,1,1450
236000,4,2.25,1830
270000,3,1.75,1300
700000,2,1.75,2320
425000,4,2.75,1680
635000,3,2.5,2300
510250,3,1.75,1400
960000,4,2.25,2410
254000,3,2,1480
299000,3,1,1390
175000,2,1,830
157500,2,1,740
580000,5,2,1940
124740,3,1,1340
1970000,8,3.5,4440
285000,2,1,800
242000,3,1.75,1310
840000,4,1.75,2330
474800,2,3.25,1400
490000,4,2.5,2360
465000,3,2.25,1840
515000,4,2.5,2680
430000,3,3.75,3890
253400,3,2,1400
355000,3,2.5,2400
740000,4,2.25,2920
186950,2,2,1390
306000,3,2.5,1680
510000,4,1.5,2040
345000,2,1,1080
875000,3,2.75,2280
700000,4,3.5,4490
1400000,4,3.25,4700
499950,4,2.5,2798
739000,3,2.5,2810
363000,4,2.5,3753
782000,4,3.5,3910
325000,2,2.5,1050
485000,4,1,1600
452000,4,2.25,2590
264950,4,2.25,1720
472000,6,2.5,4410
267500,3,1.75,1590
565000,4,2.5,2440
535000,3,2.5,1360
389000,2,1,910
400000,4,1.5,1390
264000,3,1.5,1470
690000,4,2.5,2920
412000,3,1.75,1950
695000,3,2.5,2390
246500,3,1.5,1270
230000,2,1,950
302000,2,1,900
820000,4,2.25,2280
145000,3,1,1010
436500,2,1,1260
2453500,4,3.5,4730
672000,3,2.5,2620
680000,3,2.25,2330
750500,5,3,2170
550000,5,2,2450
266500,4,1.75,1880
619000,4,2,2300
405000,3,2,1240
300000,2,1,820
231000,4,2,1530
790000,5,3.25,2900
400000,4,2.75,1240
950000,4,3.5,4140
450000,4,2,2240
595000,3,2,1480
332000,3,2.25,2270
155000,3,1,1250
400000,5,2,1930
349000,4,1.75,1700
529000,3,1,1590
405000,5,1.75,1880
635200,4,1.75,1640
540000,3,1.5,2600
402000,2,1,710
3100000,6,4.25,6980
329932,3,1.5,1460
300000,3,2.5,2080
525000,5,2.5,2630
2750000,4,3.25,4430
602500,4,2.5,2760
400000,4,2,1670
445000,4,1.75,1990
525000,3,3,2600
395000,2,1,1320
510000,3,1.5,2240
723000,4,2.25,1960
503000,3,2,2590
672500,4,2.75,2620
860000,3,2.5,2770
475300,3,1,2110
295000,4,2.5,2290
1425000,4,4.25,4960
250000,2,1,1110
658000,4,2.75,3310
83000,2,1,900
685000,3,1.75,1940
210000,3,1.75,1590
650880,3,2.5,2930
350000,4,2.5,2040
305000,2,2.25,1000
645000,3,3.25,1730
385000,3,1,1220
860000,3,2.25,3060
395000,4,2.5,2910
260000,3,1.75,1050
196440,3,2,1560
425000,3,1.75,1680
2400000,4,3.25,4140
369000,3,2,1550
1385000,6,2.75,5700
349900,3,2.5,2200
650000,2,2.5,1740
299950,3,1,1210
625000,4,3.25,4240
190000,3,2.25,1590
715000,4,1.75,3420
659000,4,2.5,3190
490000,3,1.75,1920
415000,2,1.75,1340
750000,3,1.75,1700
700000,4,2.5,2310
425000,3,1.75,1510
642000,3,2.5,2670
655000,4,2.25,2060
1365000,3,2.5,2090
458000,5,2.5,3090
330000,2,2.5,1240
384950,3,2.5,1860
560000,3,1.5,2000
950000,4,1.75,2500
465000,4,2.25,1820
425000,3,2.25,1820
315000,3,2,1060
530000,3,2.5,1950
399000,2,1,940
168000,2,1.5,1220
1886700,5,3.5,4180
374000,3,1,1200
740000,5,3.75,3990
280000,2,1,1880
322000,4,2.5,2280
459900,3,1.75,2580
750000,4,2.75,2600
1256500,4,2.5,3150
3710000,4,3.5,5550
427000,5,2.75,2220
800000,2,2.25,1730
735000,4,3,2840
642000,4,2.5,2560
240000,3,2,1330
645500,2,1,1890
840000,7,4.5,4290
475000,2,2,1540
568000,4,2,2340
325000,3,1.75,2180
825500,3,2.5,2780
499431,4,2.75,2620
919204,4,3.5,3760
545000,4,2.5,2720
660000,3,2.25,2675
538888,5,2.75,2080
693000,3,2.5,2460
289950,3,2.5,1960
587000,4,2.5,2550
615000,3,2.25,1760
459000,3,1.75,1620
243000,3,1.75,1790
1505000,4,3.5,3480
660000,4,1.75,2780
1595000,5,3,3640
250000,1,1,750
315000,3,1,960
404000,3,1.5,2030
559900,3,2.75,2930
285000,2,2.5,1380
500000,3,2,1720
380000,2,1,1210
469000,3,1,950
405000,2,1.75,1710
439900,2,2,1410
525000,4,2.5,2910
580000,4,2.5,2220
1250000,5,3.25,3160
275000,3,2,1380
629000,3,2,1760
395000,1,1,730
965000,4,2.5,2460
820000,3,1.75,2160
661000,4,2.25,1990
789000,3,3,3740
668500,4,2.5,2710
350000,3,2.5,2680
250000,4,2,1850
725995,4,2.5,3190
1000000,3,2.5,2730
686000,3,1.5,1840
665000,4,2.5,2720
1965221,4,3.5,4370
653000,3,2.5,2290
430000,2,1,990
305000,2,1.5,1140
809000,4,1.5,1840
440150,2,1,1110
615000,4,2.5,2150
1035000,3,2.5,2230
455000,2,1,1170
635000,3,2.5,1960
675000,3,2.25,2610
316000,3,2.25,2130
955000,3,2.25,3020
985000,3,1.75,1670
465500,3,1.75,1890
305000,3,1,950
645000,4,2.5,2430
730000,4,2,2360
366000,3,1.75,1510
290000,3,2.5,2080
472500,3,2,1750
550000,3,2,1810
410000,4,1.75,1790
440000,4,2.75,2340
535000,3,2.5,1690
300000,4,2.5,2070
432500,3,2.5,2240
870000,4,3,4500
492000,3,1.75,2770
199950,3,1,1010
439800,3,1.5,1120
320000,5,2.5,3020
687000,4,3.25,4400
345000,3,1.75,1990
274950,3,1,1450
270000,4,2.5,1920
342000,2,2.5,1175
327000,3,1.5,1320
610000,5,2.5,3990
455000,2,1,1140
540000,4,1.75,1720
411000,4,2.75,2150
544000,3,1.5,1790
802000,2,2.5,2210
568500,3,2.75,2180
391000,3,2.25,1410
298000,3,2.5,1950
400000,3,2.5,1495
425000,3,2.25,1660
328500,3,2.5,1950
650000,5,2.75,2550
850000,3,1.75,1370
930000,4,2.5,2200
530000,3,1.75,1250
495000,4,2.25,2220
500000,3,1.75,1620
325000,3,1.75,2250
365000,3,2.5,1720
471000,4,2.5,3030
223000,3,1,1030
503000,3,2.5,2190
230000,3,2,1440
550000,4,2.5,2170
1100000,4,3.75,2930
193000,3,1.5,1180
590000,4,4.25,2360
712500,3,1.5,1660
689800,3,2.75,2390
430000,3,2,1360
785200,3,2.25,1840
474900,3,2.25,1800
1070000,4,3.75,4130
435000,3,1.75,2220
941500,5,3.5,3490
312000,4,2.5,1830
835000,4,2.75,1550
713250,3,2,2050
440000,2,1,1230
580135,4,2.5,3150
575000,3,2.25,3800
613000,3,2.5,1350
235000,3,2,1530
660000,3,2.5,2290
280000,2,1.5,1480
268000,3,1.75,1970
235000,2,1,720
390000,3,2,1080
654950,4,2.5,2790
449500,5,2.75,2040
150000,3,1,1320
440000,3,2.25,1680
710000,3,2,2140
420000,3,1.75,1660
312000,3,2.25,1540
320000,3,2,1880
235000,3,1,1250
437000,5,2,2120
545000,3,1.75,1810
640000,3,2.5,2370
432000,3,2.5,1970
548000,3,2.5,2110
830000,3,3,2080
875000,4,2.25,3720
409950,2,1.75,1370
695000,4,2.5,2961
562100,3,2.25,2090
475000,3,2.5,2600
425000,3,2.25,1870
600000,4,2.5,2620
770000,3,2.5,2430
239000,3,1.75,1340
295000,2,1,1170
560000,3,1.75,2000
613000,5,2.5,2070
960000,4,3,4590
847000,5,1,2550
206000,3,1,1060
253000,2,1.75,1220
430000,4,2.25,1790
605000,3,2,2060
425000,2,2.5,1140
720000,4,2.5,2870
375900,6,1.5,2550
1298000,4,3.5,2790
210000,3,1,1110
234000,2,1,940
285000,3,1.75,2880
400000,3,1.5,1200
718000,3,1,1030
174500,2,2.5,1240
222400,3,2,1200
402500,3,3.25,2780
250000,3,2.25,1765
600000,4,2.5,1960
930000,2,2.5,2680
272500,3,2,1410
363990,4,2.5,2240
575000,4,2.75,3120
400000,3,2.25,1450
427874,3,3,2340
309000,5,2.75,2481
320000,3,3.25,1530
390000,3,2.25,1250
299000,1,0.75,560
375000,4,1.75,2200
240500,3,1.75,1460
320000,3,1.5,1650
1270000,5,2.5,3200
658588,3,2.25,2560
270000,3,2.25,2080
327500,3,1,1070
340000,3,1.75,2190
200000,3,1.5,2060
1025000,3,1.75,2640
275000,3,2.5,1720
1126000,5,3.5,3880
280000,2,1,960
485000,3,2.5,2340
1901000,3,2.5,2660
865000,3,1.75,2090
532000,3,2.5,1820
364950,4,2.5,2310
212500,3,1,920
135000,1,1,790
437000,2,1.75,1500
390000,3,1,1240
760000,4,2.5,2730
119500,3,1,1170
2400000,5,3.25,3410
837500,4,2.5,2700
327500,4,1.75,1650
175000,2,1,670
289950,3,2,1670
400000,3,1.75,1530
219950,3,2.25,1500
161700,4,1.75,1720
500000,5,3,2920
465000,3,1,910
540000,3,1,1050
525000,3,2,1540
324950,3,1,1210
565000,5,2.5,2650
760500,3,2,1990
1100000,5,2.75,2660
603500,4,2.5,4060
453500,5,2.5,2300
583000,6,2.75,2630
275000,2,1,770
875000,4,2.75,3790
335000,4,2.75,2540
646000,4,2.25,2500
392500,4,2.5,2150
785000,3,1.75,1670
470000,3,2,1800
560000,3,2.5,2070
519000,2,1,830
746000,3,2.25,2370
317000,3,1,1010
371000,3,1.5,1420
250000,4,2,2120
532000,4,1.75,2020
499950,3,2.5,1520
375000,2,1,820
640000,3,2.5,1690
400000,3,2,2260
572000,3,2.25,1830
310000,3,2,1350
989000,5,3.5,3280
685000,4,2.5,2770
907500,4,2.5,2770
427500,4,2.5,2460
860000,3,3.25,4720
365000,2,1,1250
250500,3,2,1710
411715,3,1.75,1840
415000,4,2.5,2000
129000,1,1,650
489000,3,1.5,1020
170000,2,1,1500
418500,3,2.5,2060
261000,3,1.5,1810
2005000,6,4.5,3810
355000,2,1.75,1650
742000,3,3.25,1540
399950,3,1.5,2080
791000,3,2.25,2430
190000,5,2,1750
229500,3,1.75,1770
539000,3,2.5,1710
549000,4,2.25,2740
545000,5,2.5,2730
285000,3,2.5,2437
648000,4,2.5,3290
610000,4,3.5,2910
767450,3,2,1630
765000,4,3,4410
586500,3,2.5,1780
520000,3,3.25,1540
455000,3,1.75,1420
653000,3,2.5,2680
279950,3,2,1750
449950,3,2.5,2170
565000,3,2.75,2390
620000,4,2.25,2400
269000,3,1,1690
875000,3,3.5,3250
630000,4,3.75,4610
425000,4,2.75,2440
647500,3,1.75,1290
450000,4,1,2000
440000,3,1,1050
445000,4,2.5,2340
530000,4,2.25,2210
875000,5,2.5,2920
685000,3,2.75,3150
798000,3,3.5,3590
297500,4,2.5,1910
749950,4,2.75,3110
495000,5,3,2440
540000,4,2.25,1330
395000,3,1.75,1460
1300000,6,4.5,3902
1075000,5,4.75,5180
214100,2,2.5,1150
210000,4,1.5,1920
499500,3,2.5,2520
546000,2,1,970
292000,5,2.5,2490
289000,3,2,1680
240000,3,1,1150
395000,4,3,1980
795000,4,2.25,2070
955000,4,4.25,5660
725000,4,2.75,2420
335000,4,2.5,2610
492000,4,3.75,2810
250000,3,2.5,1510
700000,3,1.75,1910
545000,3,1.75,1700
555000,4,2.75,2020
640000,3,1.75,2340
390000,3,2,1463
466500,3,1,1430
372500,3,1.5,1180
1800000,5,4.5,4400
255000,3,2.5,1610
466800,3,2.5,1480
749000,3,2.5,2670
610000,4,1.75,1830
356000,2,1,920
165000,3,1,1150
229000,2,1,1190
530000,4,3.25,4160
499950,3,2.5,2370
619000,4,1.75,1660
547000,3,2.5,1480
359800,4,2.5,2390
499000,3,3.5,1690
189000,3,1,1010
799000,4,3.5,3500
257000,4,2.75,2330
270000,3,1.5,1890
453500,4,1.75,2000
237000,3,1,1130
456000,4,1.75,1670
355500,3,2.5,2600
299950,4,1.75,1560
335000,3,2,1170
268500,4,2.5,2100
385000,3,2.25,1710
376000,4,2.75,2420
605004,4,2,1370
886000,4,2,2660
560000,4,2.5,2260
343000,4,2.5,2070
1415000,4,5.25,4670
270000,3,1,1500
411605,4,2.5,2658
550000,4,2.5,2700
465000,3,2.25,1530
584000,3,2.5,1480
275000,3,3,1390
324500,3,2.5,1660
700000,3,2.5,2050
385200,4,1,1550
270000,4,2.25,1900
735000,4,2.5,2820
389250,2,1.5,1490
315000,3,1.5,1750
545000,4,2.5,2040
550000,3,1.5,1900
415000,3,1.75,1910
387500,3,1,1560
432000,3,1.75,1470
402000,3,2.5,2700
1035000,4,3.25,3450
294700,3,2,1970
744000,3,2.5,2670
715000,3,2.5,2550
500000,4,1,1720
1300000,4,4,4270
1150000,3,1.5,2170
650000,4,2.5,2840
435000,4,2.75,3270
510000,3,1.75,1480
525000,5,2.75,2440
920000,4,2.75,2880
200000,2,1,1730
435000,2,1,1260
809950,4,2,2230
1370000,2,2.25,2460
455000,4,1.75,2050
471000,3,2.5,2030
253500,2,1,810
185000,3,1,1840
535500,3,1.5,1730
835000,2,2,2280
589500,4,2.5,2630
680000,3,2.25,2270
360000,3,1.75,1020
595000,4,2.5,1990
300000,4,2.5,2680
660000,3,1.75,1980
570000,3,2.5,2400
285000,2,1,780
435000,3,2,980
160000,3,1,1210
805000,5,2.5,4600
450000,3,2.5,1480
510000,4,1.5,1320
1120000,5,2.75,4400
1280000,4,3.5,3010
539000,3,2,2260
407193,4,2,1880
320000,3,1.75,1370
739000,4,3,2720
452000,2,1.75,1740
600000,4,2.5,2560
279000,5,2.5,2690
895000,4,3,3240
585000,4,2.5,2430
405000,2,2,1405
837219,5,2.75,3030
969990,4,2.5,4150
490000,3,3,1730
611000,6,2.5,3820
462000,4,2.5,3070
540000,4,2.5,1780
260000,4,2.5,1811
510000,4,2.25,2450
567500,3,2.5,2300
445000,2,1,1440
684680,4,2.25,2370
2700000,4,3.25,4420
455000,3,1,1300
540000,5,3,2870
530000,3,2.75,3400
410000,3,1,1410
450000,3,1.75,1640
609900,4,2.5,3190
648000,4,2.5,2380
550000,3,2.5,2260
347000,3,1.75,1240
1635000,5,3.5,4220
1339000,4,2.5,4250
288350,3,1.5,1860
1150000,3,2.5,2850
525000,3,3,2470
250250,3,2.25,2210
341000,4,1.75,1920
700000,4,3,3150
390000,4,1.75,2700
539950,3,2.25,2190
552000,2,2.5,1380
250000,5,1.5,2520
502000,3,1.75,1300
480000,4,1.75,2220
378500,2,1,730
1350000,4,3.25,3300
1900000,4,3.25,4130
605000,3,2.5,2670
307550,4,2.5,1980
304700,2,1,740
568000,3,1.75,2050
385000,3,1.75,1230
345000,3,2.5,1210
435000,3,2.25,1890
579000,2,2,1870
236000,3,1.75,1330
305100,3,2,1590
368000,3,1.75,1710
255000,2,1,1200
400000,2,1,1140
440000,3,1.75,2240
417000,2,1,920
435000,2,1,800
475000,4,2.75,1980
563500,4,2.5,2800
285000,3,2.25,1680
471000,4,2.5,2330
500000,4,1.75,2240
640000,3,2.5,2140
442500,4,2.5,2170
213400,3,1.5,1150
831000,4,2.5,2030
325000,3,2,1350
425000,2,1,910
550000,4,2.5,2700
599950,4,3.5,3730
1225000,4,2.5,2740
750000,4,3.25,2050
290000,4,3,2390
270000,4,2.75,1990
229950,4,1.75,1300
234999,3,1,1330
265000,2,1,1000
367300,4,2.75,2190
550000,3,1.75,1380
743700,4,2.5,2610
352750,2,1.75,1060
403950,2,1,710
980000,4,2.5,2730
585000,4,1.75,2470
554000,3,1.75,1760
546000,3,2.5,1530
280000,2,1.75,1610
212500,2,2,1030
739000,4,2.5,2800
428000,3,2,1310
965000,4,2.25,3160
364900,3,3,2500
559000,3,1.5,2070
213000,4,1.75,1980
620000,3,2.5,2590
240000,4,1,1910
852500,3,2.5,2630
600000,3,2.5,2630
410000,3,2.5,1960
328000,3,1.75,1440
625000,3,1.75,2210
649950,4,2.5,2350
235000,3,1,1590
489000,3,3.5,1500
536000,3,2.5,1900
400000,4,3.5,2370
398000,3,2.5,1720
379000,4,1.5,2020
345000,2,1.5,1340
365000,3,2.5,1800
315000,3,2.5,1480
571000,4,2,2750
1025000,5,4,3760
695000,3,2.75,2540
225000,3,1.75,1760
740000,3,2.5,3000
315000,4,2.5,1930
1230000,4,2.5,3040
420000,2,1,860
310000,3,1.75,1420
700000,3,2,2080
269000,3,2.5,1560
369990,4,2.5,1960
800000,3,2.25,1620
569000,5,3,3670
175000,6,1.5,1930
440000,3,1.5,1290
435000,5,2.25,1970
345000,3,1.75,1540
558000,4,2,2180
475000,2,1.75,1490
490000,3,2,2220
335000,3,1.75,2430
350000,2,0.75,1392
100000,4,1,1120
417500,4,1,1390
253000,3,1.75,2040
1240000,5,3,2830
490000,4,2.5,3020
470000,3,1.75,2290
483300,4,2,1210
659000,3,2.5,2510
480000,4,1.75,2320
165000,3,1,970
659500,3,1.75,1820
219900,3,1,970
315000,2,1,1740
250000,3,1.75,1590
268000,2,1,1380
380000,4,1.5,1680
499000,2,1,1220
285000,2,2,1651
183000,3,1.75,1330
1070000,3,3,2940
429000,3,3.25,1410
403000,2,1,1100
375500,3,1.5,1530
1795000,5,3.25,5270
516200,3,2,2110
385000,4,1.75,1720
515000,3,2.5,1800
375000,4,2.5,2210
650000,4,2.25,2560
306888,2,1.5,1010
870000,4,2.5,3340
310000,4,1,1740
251750,3,2,1320
366000,3,1.75,1520
429950,3,1.5,2010
710000,3,3.5,2440
895000,5,2.5,2550
149500,3,1,1010
310000,3,2.5,1780
555000,3,2,2180
750000,5,3.25,2750
745000,4,3.25,3490
695000,3,2.5,2550
433000,3,1.75,1870
307000,4,1,1150
655275,3,1.75,2050
392000,4,2.75,1940
1180000,5,3.75,3630
359950,3,1.75,1890
360000,4,2,1630
566000,4,1.75,2440
700000,5,2.75,3100
415000,3,2.5,2090
199500,3,1,920
749000,3,1,1580
680000,3,1.75,1760
400000,4,2.5,2530
608000,4,2.75,2490
589900,4,4.5,3870
480000,5,2.5,2732
1059500,5,3.25,3230
915000,6,3.75,2930
695000,4,3.5,3510
899900,4,2.5,2580
499950,2,2.25,1060
533112,4,2.75,2790
303210,4,2.5,2009
525000,5,2.75,2880
399950,2,1,710
850830,3,2.5,2070
371500,3,2,1370
522000,3,1.75,1730
588000,4,2,1680
276900,2,1,1350
248000,5,1.5,1510
280000,3,2.5,1860
495000,6,5,3440
665000,6,3,4250
290300,2,1,860
527000,2,1.75,1640
487028,2,1.5,1295
325000,3,1.75,1790
799000,3,1.5,2210
7062500,5,4.5,10040
354000,3,1,940
262500,3,1.5,1160
560200,3,2.5,1990
220000,3,1,1050
650000,2,1,1030
435000,3,2.5,1420
800000,4,3.75,2690
1010000,4,2.5,3760
200000,2,1,700
295000,5,3.5,2100
580379,4,2.75,2240
875000,4,2.5,3470
515000,3,2.5,3370
599000,4,2.5,2790
285000,3,2.5,1870
290000,3,1.75,1520
355000,1,1.75,750
381000,3,1.5,1460
571000,3,2.5,2600
852600,4,2.5,3320
1085000,5,2.5,2340
371000,3,1,890
514000,3,1.75,1720
386000,3,1.5,1270
464000,4,2.5,2180
335000,4,2.25,2030
740000,4,2.75,2490
465000,4,1.75,1470
700000,3,2.75,2500
785000,3,3.5,4500
350000,3,3.25,1460
148000,1,1,620
530000,3,1.75,1550
349000,3,2.5,1430
240000,3,1.5,1360
330000,3,2.5,2210
735000,4,1.75,2460
545000,3,2.5,2180
214950,3,1.75,1570
657500,4,2.75,4140
476000,3,1,1140
2888000,5,6.25,8670
110000,2,1,800
292000,4,2.75,2414
317000,3,1,1160
455000,4,2.5,3170
1365000,5,3.5,4210
460000,3,2,2060
405000,3,2,1640
333000,2,1,720
427000,4,1,1860
742000,4,2.5,2810
465000,4,2.5,2090
809950,4,2.5,3280
619400,4,2,2090
762400,3,1.75,2430
535000,5,2.25,2520
881000,5,3,2510
813000,4,2.75,3370
234000,3,2,1640
308900,3,2.5,2250
450000,4,2.5,2300
547500,3,3.5,1650
399950,2,1,710
516000,4,3.5,2550
250000,2,1.5,982
475000,3,2.25,1630
415000,4,2.5,2550
545000,2,1.25,1240
329950,3,2.5,2456
1325000,5,2.25,3200
784000,3,3.5,3950
610750,4,2.25,2180
578000,4,2.5,3140
1485000,4,3.75,4030
501000,3,1.75,1970
465250,5,2,1940
2250000,5,4.25,4860
1095000,0,0,3064
315000,2,1,970
900000,4,2.25,2460
789500,4,2.5,3010
678500,3,2,2460
342500,3,2,2080
860000,4,3.25,3960
306000,4,2.5,2490
580000,5,2,2060
405000,3,1,1330
510000,3,1.75,1600
173000,2,1,820
210000,4,1.75,1200
445000,3,1,1050
585000,3,2.5,1910
381000,3,1.75,1800
890000,3,2.25,2060
235000,3,1.75,1840
480000,3,2.5,1250
575000,2,1,1510
350000,4,2.25,2300
259000,4,1.5,1490
599000,5,2.75,2820
210000,4,1.5,1130
1184000,4,2.5,3200
545000,3,1,1510
299995,3,2.5,1970
440000,3,1,1210
699000,4,2.5,3280
795000,3,2,2420
445000,5,1.75,2460
397990,3,1,1180
706000,3,2.75,1900
363000,3,3.25,1651
850000,4,2.25,2130
620000,2,1,1430
1228000,4,2.5,5730
333000,4,2.5,1910
743000,3,1.75,2110
448000,2,1.5,1630
485000,4,2.5,2470
489950,4,2.25,2640
498500,5,2.75,2990
531000,3,2.5,2120
670000,3,2.5,2050
310000,5,3,1880
835000,3,3,2790
1688000,4,2.5,3000
495000,4,2.5,2140
495000,3,2,1769
440000,3,1,1710
280000,1,0.75,420
1070000,4,2.5,3270
1034500,4,2.5,2370
248000,4,2.5,1770
294000,4,2.5,2210
561000,3,2.25,1710
656500,4,2,2710
660000,3,3,2340
370000,2,1,1220
349950,3,1,1060
223000,2,1,910
560000,4,1.75,1880
594000,4,1.75,1870
600000,3,2.25,1480
315000,3,2.5,1880
430000,4,1.75,1890
440000,3,2.75,1560
312500,2,1.5,1070
1240000,5,4,4410
300000,3,3.25,1470
680000,3,2.5,2570
336750,2,2.25,1170
822500,5,3.5,2320
589000,4,3,2440
863000,4,2.5,4120
210000,2,1.75,1440
206135,3,1,1340
1125000,6,3.75,3010
285000,3,1.75,1840
230000,2,1,930
845000,4,2.75,4070
350000,3,1.75,1820
304000,3,1,1280
370000,2,1,900
810000,3,1.75,1980
440000,4,2.25,2010
1030000,4,2.5,2750
775000,4,2,3140
1335000,5,2.25,4200
235000,3,1.75,1900
499950,3,1,1830
622500,5,2.75,3320
300000,4,2.5,2700
205000,3,1,1290
435000,3,1.75,1500
697000,4,2.75,3650
153000,3,1,1270
454000,4,2.25,2630
345000,2,1.5,1800
585000,3,1,1870
380000,4,2.5,2540
250600,4,2.5,1930
890000,4,2.25,2770
370000,4,2.5,2220
369500,3,1.5,1650
883000,4,2.5,3670
950000,4,2.5,3770
615000,3,1.75,2350
305000,3,1.5,1210
590000,4,2.5,2010
485000,3,2.5,1580
215000,2,1,710
430000,3,2,1910
324900,4,2.5,1880
849900,2,2,2280
975000,5,2.75,3100
910000,5,2.5,2350
459950,3,1.75,1850
325000,3,2.5,2070
513000,4,2.75,2020
475000,3,2.25,1580
419000,4,2.5,2690
760000,4,2.5,2420
1120000,5,1.5,2540
129000,2,1,1150
725000,5,2.5,3210
580000,3,2.5,2040
385000,3,2.25,1920
265000,4,1.75,1900
1735000,3,2.5,4310
330000,3,2.5,1070
665000,4,2.5,2790
799000,3,2.5,2860
589000,3,2,2250
1695000,2,2.25,3170
538000,3,1,1460
530100,3,1,1540
718500,3,2,2910
299000,3,1.75,1180
556000,3,1.75,1640
171000,4,2,1520
540000,5,3,3610
250000,3,2.25,1400
795000,4,3.5,3200
575000,3,3,1384
379500,3,2.25,1410
385000,4,2.5,2050
415500,4,2.5,1750
397500,3,2,1510
530000,3,2.5,1930
883000,4,2.5,2960
850000,5,2.75,2920
496752,2,1,1980
330000,3,1.75,1430
735000,4,2.75,2450
525000,4,2.75,2360
269950,3,2.5,1890
650000,3,1.75,2140
520500,3,2,1900
652500,4,2.5,2700
506000,5,3,2430
416000,3,1,1110
500000,4,2.75,2280
460000,3,1.75,1550
371025,3,2,1530
576000,4,2.5,2440
353500,4,2.25,1760
1735000,4,2.25,3040
183000,3,1.75,1070
763101,3,1.75,1990
460000,2,1.5,1090
825000,4,1.5,1890
265000,3,1,1000
295000,3,1.75,1770
418000,4,3,2360
554000,3,3.5,3380
534500,3,2.5,1700
690000,2,1.75,1600
530000,4,2.5,2050
357186,2,1.75,1210
300000,5,3,1940
304000,4,2,1810
385000,4,1.75,1690
415000,4,2,1800
963000,4,3.5,3280
792500,4,2.5,4290
309212,3,1.75,1150
235000,2,1.5,880
667000,3,1.5,1720
470000,3,1.5,1510
375000,4,2,1240
410000,4,2,1580
566000,4,2.25,2170
680000,4,2.75,2500
332000,1,1,960
902000,4,2.5,3030
500000,3,1.75,1540
445000,3,1.75,1890
825000,4,2.5,2810
1095000,4,4,3530
277000,3,1,1100
545000,3,2.5,1940
435000,3,2.5,2300
638000,3,2.5,2110
418000,4,1.5,1220
499000,3,1.75,1750
150000,3,1.5,1230
759950,3,2.5,3100
427000,3,2.5,1830
632500,5,2.5,2640
660000,6,1.75,1840
862000,4,2.5,3190
524000,2,1,1120
470000,3,1.5,1760
385000,3,2,1590
575000,4,2.5,2120
220000,4,2.5,2240
460000,2,1,890
1712500,3,3.25,2940
175000,3,1.5,1220
465000,3,2.25,2670
552000,3,1,1120
565000,4,2.75,3130
518000,4,2.5,1740
899950,4,3.5,3290
373000,3,1,1770
385000,4,2.5,2960
245000,2,1,1200
375000,4,2,2400
699850,4,3.5,2690
450000,6,2.25,3550
455000,2,1.5,1310
650000,4,2.75,2610
378000,5,2.5,2760
220000,3,2,1410
285500,4,1.75,1960
340000,3,2.5,1212
921000,4,1.5,2220
375000,4,2.5,2040
999000,4,2.75,2800
335000,3,1.5,2040
1920000,4,2.5,3070
385000,2,1,830
850000,4,3.5,4140
429000,5,2.5,2340
523950,3,2.25,1420
798800,3,2.75,2670
284000,3,2.5,1880
852880,4,3.25,3450
320000,3,2.25,1200
749995,4,3.25,3430
468500,3,2.5,1350
492500,5,2.5,2570
685000,4,3.5,2840
542525,4,2.5,2650
435000,3,2,1980
242000,3,1.75,1280
325000,4,2.5,2610
837700,5,2.75,3010
210000,1,1,930
187500,3,1.5,1180
560000,5,1,1710
272000,3,2,1380
235000,3,1.75,1190
259000,3,2,1870
866059,5,3.5,3130
473000,2,1,900
405000,3,1.5,1880
870000,4,4.25,3010
475000,3,2.25,2280
499500,3,2.5,2970
386000,2,2.5,1620
458000,4,1.5,1550
550000,3,1.75,2240
605500,3,2.5,2830
421000,3,2.5,2890
536000,4,2.25,1990
247200,3,1.75,1370
250000,2,1.5,1088
204950,4,1.75,1740
430000,3,2,1730
250000,4,2.5,1800
260000,3,1.75,1440
547000,4,1,1720
379900,5,3.5,2800
738500,3,2.5,2300
545000,4,2.25,2030
342000,2,1,740
4668000,5,6.75,9640
170000,4,1,1920
616000,4,2.5,2490
640000,3,2,1380
332000,3,2.5,1530
1010000,3,3.25,2420
380000,4,2.5,2150
415000,4,2,1610
1008000,4,3.5,2650
669000,4,2.75,2700
260000,3,1.5,1270
854000,4,2.75,3150
605000,3,2.25,2010
320000,3,1,860
229950,3,2,1410
255000,3,1.75,1700
1170000,4,2.5,2570
479000,2,2.25,1230
1200000,4,3.5,4170
472000,3,2.5,1180
198000,3,1.5,1430
440000,4,2,1450
506000,3,1.75,2180
382500,4,2.5,2210
269500,2,1.5,1480
560000,3,2,2340
840000,4,3.5,3860
479500,3,2.75,2300
402000,3,1.5,1450
549000,2,2.5,1380
449950,4,2.5,2470
493000,4,1.75,2030
142500,4,0.75,1440
250000,3,1.75,1160
729000,3,1,1580
465000,2,2.75,1430
465000,2,2,1494
280000,4,2.25,1930
675000,6,1.75,2740
667500,3,2,1880
809000,3,2.5,2590
400000,3,2.25,2140
310000,4,2,1870
435000,2,1,1230
465950,4,2.5,2340
1538000,3,2.25,2880
253000,3,1.5,880
330000,3,2.5,3040
554000,4,1,1120
350000,3,2,1380
294999,4,2.5,1660
1185001,3,2.75,2500
752000,4,2.5,2940
451000,4,2.5,1670
725000,4,2.75,2630
345000,4,2.75,2250
206000,3,1,1320
2027000,4,3.75,4100
2475000,3,3.25,4340
1728000,4,3,3700
580000,5,2,2700
430000,3,1,980
720000,4,2.5,2650
824000,7,4.25,3670
936000,3,1.75,2960
535000,4,2.75,3070
286800,3,2.5,1413
350000,2,2.5,1260
345000,3,2.5,1680
435000,3,2.25,1230
1555000,3,3.5,4360
1325000,4,4,4420
461000,3,3.25,2770
770000,3,2.25,2910
1384000,4,3.25,4290
330000,3,2.5,1600
322500,4,2.5,1820
1600000,6,5,6050
475000,3,1.75,1700
250275,2,1,790
274500,3,2.25,1720
284950,3,1,990
264950,4,1.75,1770
242000,3,2,1260
913000,4,2.5,3640
555000,3,1.75,2040
711000,4,1.75,1980
403500,5,2.5,3600
975000,4,2.5,4270
253779,4,2,2030
384400,3,3.25,1689
646000,5,2.75,2870
415000,3,1.75,1270
764000,4,2.5,2790
507000,5,3.25,3850
545500,3,2.5,1560
450000,3,1.75,1180
264000,4,1.75,1820
650000,5,1.75,1260
365000,3,2.5,2640
343566,2,1,1100
375000,3,2.5,1950
295000,3,2,1380
325000,3,2.75,2200
265000,4,1.5,2050
562000,5,3,2795
540000,4,2.5,2050
4489000,4,3,6430
279950,5,1.75,2150
540000,3,1.75,1970
310000,4,2.5,2660
190000,1,1,720
440000,4,2.5,2410
1400000,3,2,2020
230000,2,1,1080
455000,3,1.75,1180
175000,2,1,660
650000,3,1.75,2920
3000000,4,4.25,4850
192500,3,1,1080
239950,3,1.75,1670
175000,6,1,1370
850000,5,3.5,3450
410000,4,2,1970
570000,4,2.5,2290
469000,5,2.5,2240
559000,2,1,1240
739888,3,2.5,2420
568450,5,3.5,3260
240000,2,1,670
574950,5,3.25,3160
180000,3,2.25,1990
1160000,4,3.5,4680
300000,3,2.5,1700
630000,4,2.5,2807
507000,4,1.75,1770
287500,4,2.5,2570
688000,3,3,3450
424000,3,2,1670
400000,3,1.75,1050
620000,4,2.5,1910
300000,3,1,910
615000,5,2.25,2480
206000,2,1.5,1820
515500,4,2.5,2920
554000,5,2.25,1870
825000,4,3.5,3810
855000,4,2.25,2190
315000,3,2.5,1730
299000,5,2.5,2220
650000,3,1.5,1320
465000,3,1.75,1510
535000,3,2,2120
564000,2,2,1690
515000,3,3.5,1360
580000,4,2.5,3250
309000,3,2.25,1490
536751,3,1.75,1930
415000,4,2.5,2020
267000,3,2.25,1584
820000,4,2.5,3170
1399950,4,2.75,3870
485000,2,2.5,1430
482000,3,3.25,1380
535000,4,2.5,2610
690000,3,3.25,1540
576000,3,2.5,1940
378750,3,2.5,2160
269900,4,1.75,1530
210000,3,2,1440
429900,4,2.5,2640
1525000,4,3.25,3620
360000,4,2.5,2850
405000,2,1,1260
450000,3,1.75,1610
703000,3,2,1360
661000,4,2.5,2496
580000,4,2.25,2160
464000,3,1,1320
945000,2,2.5,2540
659500,4,3,2620
200000,3,1.5,1140
280000,3,2,1790
1325000,4,2.5,2440
346150,3,2,2140
197500,3,1,1330
799000,4,2.5,2590
1309500,4,4.5,4750
350000,2,1,1620
720000,4,2.5,2440
519000,3,2.75,2020
590300,3,1.5,1470
2200000,5,4.75,5990
410000,6,2.75,2520
437000,2,1.75,1440
221000,3,2.25,1640
380000,4,2.25,2150
506000,2,1,1570
395000,4,1,1980
285000,3,1,1210
311000,3,1.75,1900
520000,3,1.75,1940
435000,3,1.75,1310
120000,2,1,990
1440000,3,3.5,3870
186000,3,2,1340
756000,4,2.25,2160
248000,4,2,2080
287000,3,2,1300
510000,4,2.5,2610
249000,3,1,1050
340000,3,2.5,2480
399888,4,2.25,1820
440000,3,1.75,1170
899000,4,2.25,2370
540500,5,3.75,3090
385000,3,1.75,2310
558000,4,2.25,2060
600000,3,2,2540
450000,4,2.5,2400
232500,3,1,1320
436000,2,1,790
240000,4,2,1790
489950,3,2.25,1820
680000,6,2,1670
1068000,5,3.5,3990
352450,3,2,1430
335000,4,2,2030
549000,4,1.75,1290
1240000,4,3.5,3820
618250,4,3.25,2520
1815000,5,3,3880
850000,2,1.75,1590
930000,5,2,3530
505000,3,2.5,1610
925000,4,2.5,3280
275000,3,1.75,1860
499000,3,1.75,1840
507000,3,2.5,2120
619850,4,2.5,2270
500000,3,2.5,2840
310000,4,1.5,1220
646000,4,2.5,2310
265000,3,1.75,1840
475000,3,2.5,950
600000,4,2.25,3070
470000,3,2,1730
319950,2,1,920
712000,3,2.75,3200
775000,4,2.75,3010
390000,3,2.25,1600
585000,4,2.5,2840
1027000,3,2.5,2430
232603,3,1.75,1750
543000,3,2.25,1240
607500,3,3.25,1530
750000,3,3.5,3390
728050,3,2.5,2320
734990,4,2.5,2650
330000,3,2.5,2238
605000,4,2.5,2620
441000,3,2.75,1910
650000,4,2.5,3040
1950000,7,3.5,4640
395000,3,1,1500
245000,1,0.75,380
905000,4,3.5,2970
660000,4,3.25,3030
378000,4,2.5,1890
600000,2,1,1040
632500,4,2.5,2090
210000,2,2,1680
754800,2,2.5,2770
175000,2,1,1020
455000,3,2.25,1470
450000,3,2,1430
790000,4,1.75,2050
480000,4,1,2080
850000,3,2.25,2870
725000,4,3.25,3940
380000,3,1.5,1520
979000,3,1.5,1700
359950,3,2.25,1940
665900,4,2.25,2870
812000,3,3.25,3240
203000,3,1,1150
456000,3,1.5,1440
547000,5,2.5,2200
280000,3,2,1470
640000,2,1.75,1760
477000,3,1.75,1780
455000,4,2.25,2450
587206,3,3.5,1890
425000,3,2.5,2540
511500,4,1,1360
218000,2,2,1310
332000,3,2,1510
291000,3,1.5,1860
279000,4,2,2200
950000,4,2.5,3360
970500,3,2.75,2470
412000,2,1,1260
400000,3,1,1430
200000,3,2.25,1230
397000,4,2.5,2320
715000,4,2.5,3290
371000,4,2.5,2550
458000,3,2.5,1870
436500,5,3,3110
329950,3,2.5,1820
950000,3,3.25,3050
282000,4,2,1890
250000,1,1,800
1135000,6,4.25,6900
400000,4,1.75,2670
681500,5,2.75,3260
200000,2,1,860
1300000,5,4,3366
1462497,5,3.25,3840
995000,4,4.5,3850
355000,4,2.5,2040
425000,3,2.25,1790
869000,4,3,3740
915000,3,3.25,2660
2110000,3,2.25,3230
925000,4,2,3140
2400000,6,4.5,5480
390000,3,1,1160
330000,3,2.25,1860
482500,4,3,1630
525000,3,2.25,1750
237000,3,1,1300
205000,3,1,960
623000,3,2.5,1850
565000,4,2.75,3260
400000,4,2.25,2420
405000,3,1,1460
337000,4,3,2240
355000,2,1,1240
885000,3,2.25,2060
420000,5,2.75,2280
448000,4,2.5,2510
800000,4,2.75,3150
830000,5,2.25,2780
725000,6,1.75,2380
780000,3,2.25,2140
325000,2,1,840
488800,4,2.25,2170
1320000,4,3.5,4410
489000,4,2,2120
1240000,7,5.5,6630
595000,3,2.75,3290
359900,5,2.25,2290
1080000,3,3,4910
925000,4,2.75,3730
625000,3,2.5,2440
339990,3,2.5,2570
775950,4,2.5,2970
420000,5,3,2630
654000,3,3.25,1530
725000,3,3.5,3690
375000,2,1,1230
1100000,3,2.5,2200
639500,4,2.25,2330
849000,4,2,2160
418000,4,1.5,1550
442900,4,1.75,1780
750000,3,1.75,2610
930000,3,2.5,3290
565000,2,1.75,1330
874150,4,3.5,3530
545000,4,2.5,2090
500000,4,2.5,2040
687000,4,2.5,2370
810000,4,2.5,2810
439500,3,2.5,2050
802000,3,1.75,2870
732600,4,2.5,2130
374000,4,2.5,2580
330000,4,2.5,2380
365000,4,2,1940
290900,2,2,1610
577000,3,2.5,2060
280000,2,1,1010
675000,4,2.5,2810
800000,3,2.25,2380
299995,2,1,1060
440000,3,1.75,1560
249500,2,1.75,1500
690000,2,1,970
235000,3,1,1170
320000,3,2.5,2280
350000,7,3,2800
334000,4,1.5,1150
235000,6,3,2180
442000,4,2.5,2520
264000,3,1.75,1760
275000,2,1,1180
430000,2,1.5,950
550000,3,2.5,1900
775000,4,2.5,2300
603500,6,2.75,2660
230000,3,1,1530
449000,4,2.5,1850
2075000,4,3.5,4230
420000,3,2,1200
735000,4,2.25,2270
200000,3,1.5,1090
286000,3,2.75,1100
579000,3,2.5,1640
345100,3,3.75,1950
350000,3,1.75,1660
291500,3,1,880
649950,3,2.5,1500
458500,3,2,1890
500000,3,1,1150
362300,3,2.5,2430
324000,4,1.75,2110
495000,3,2,2950
233500,3,2.25,1650
479000,3,2.25,2110
322200,4,2.25,2010
835000,4,2.5,3030
347000,3,1,1270
725000,3,1.75,1610
345000,3,1,1140
345950,3,2.5,2110
550000,3,1.75,1840
399950,3,1.75,1560
269500,3,1.75,1840
494000,4,2.5,1830
453000,4,1.75,2120
442500,3,1.75,1600
235000,4,1.75,1450
389800,3,1.75,1880
346000,3,1.75,1270
360000,4,1.5,1720
650000,4,2.5,2400
290000,3,1,1150
234000,2,1,870
260000,4,2.5,2000
349900,3,2,2420
275000,3,1,1080
725000,4,2.5,3420
375000,4,2.5,1870
806000,4,2.5,2500
470000,3,2.5,2150
490000,3,2.25,1470
615000,5,2,2130
249000,3,1,1000
396500,3,1.75,2390
405000,2,1,860
560000,3,2.5,1960
459950,4,2.5,2000
265000,3,1,1620
502000,6,2.5,2890
430000,3,1.75,1300
525000,2,1,1080
415000,4,2.5,2170
600000,3,2.5,2260
225000,3,1.75,1580
300000,4,2.5,2620
491234,4,2.5,1540
1580000,4,2.5,4570
905000,4,3.25,3440
199950,5,2.5,1740
450000,4,1.75,2160
899000,3,1,1480
649000,2,1.75,2260
780000,4,3.5,3910
400000,4,1.75,1700
831500,5,2.5,4470
471001,3,1.75,1800
385000,3,3.25,1630
326000,3,1,1030
335000,1,1,720
320000,4,1.5,1890
300000,4,2.5,1840
269950,4,2.5,2540
1220000,4,3.75,3520
590000,4,2.5,3220
750000,3,2,1820
239950,3,1.75,1230
215000,3,2,1340
165000,3,1,1200
261350,3,1.75,1390
569000,4,2,1730
425000,3,2.25,1580
800000,4,3,3520
715000,4,2.5,2650
337000,3,1.75,1310
560000,4,2.5,2300
449500,3,2.25,1780
660000,3,3.25,1980
685000,2,1.5,1300
905000,5,3.5,3500
403500,3,1,1830
405000,3,2.25,1520
385000,4,2.75,2700
1700000,3,2.75,2810
285000,3,2.5,1660
249900,3,2,1310
633634,4,3.5,2960
329900,3,2.5,2242
310000,3,2.5,2540
345000,3,1.5,1420
160797,3,1.5,1270
562500,3,2.25,1300
664950,5,3,3190
515000,5,3.25,2910
497000,3,2.25,1630
312891,5,3,2300
670000,3,2.5,3310
362500,2,1.5,940
402101,2,0.75,1020
438000,3,1.75,1520
687500,4,1.75,2330
160000,3,1.5,1010
415000,3,1.75,1070
405000,3,2.5,3170
880000,4,2.5,3030
585000,3,2.5,2270
640000,4,2.5,2341
819000,3,3.5,2130
520000,3,1.75,2300
367500,3,1,1660
762500,4,2.75,2610
300000,3,1,2150
625000,3,2.5,2410
530000,2,1.5,1580
379000,3,2.5,1740
615000,2,1,1270
660000,2,2.25,2550
380000,3,2.25,1860
314900,4,1.75,2700
324950,3,1.5,1460
225000,3,1.75,1330
535000,3,2.5,2070
348500,3,1.5,1360
725000,4,2.5,2650
925000,4,3,3580
549000,2,1,2034
400000,3,2,1230
620000,4,2.5,2450
665000,6,2.75,2840
1215000,4,3.75,3820
1157400,3,2.5,2740
349950,4,2.5,2090
2466350,5,4.75,6390
339000,4,2,2470
615000,3,1.75,1720
751000,4,3.25,3090
941000,4,1.75,2320
600000,4,1.75,1740
455000,4,2.5,2950
1295648,0,0,4810
485000,3,2.5,1500
358000,3,1.5,1810
339000,3,1,1100
258000,3,1,1490
455000,2,1.5,1200
437000,4,2.5,1890
689000,3,1.75,2200
319000,4,2.5,2510
510000,3,2.25,1420
440000,3,1.75,2000
1010000,2,2,1460
875000,4,2.5,3220
304000,4,2,1310
139000,2,1,690
464500,3,1.75,1150
336500,3,1,1480
230000,4,1.75,1850
425000,3,2.5,1930
300000,2,1,750
457500,3,2.25,1430
366000,3,1.75,1840
502000,3,2,1300
194000,3,1,1050
305000,4,2.25,2210
1250000,4,2.5,3220
575000,4,2.5,4620
343500,4,1.75,1760
325000,3,1,850
600000,4,3.25,4690
850000,4,3.5,3920
420000,3,2.5,2140
257500,2,2,1180
317000,5,2.5,2360
970000,3,2.25,3060
252000,3,2.25,1670
683500,3,1.5,1820
289000,3,2.5,1970
355000,2,2.25,930
675000,3,3.5,2300
396500,3,2.5,2590
362500,4,1.75,1450
395000,4,1.75,1540
599000,5,2.75,2730
218000,3,1,880
589950,4,2.5,3190
218000,3,1.5,1330
360000,3,1.75,1500
350000,2,1,740
350000,4,3,2560
845000,3,2,2540
839000,3,2.5,3200
850000,4,3,3330
329950,2,1,900
425000,4,1.5,1600
210000,2,1,970
631500,2,1,1130
295000,2,1,650
575000,3,2.25,2400
415000,3,2.5,2280
859000,4,2.25,3550
639888,4,2.5,2050
329445,2,1.5,830
745641,4,2.5,2440
395000,3,2.5,1600
790000,4,3.5,3190
890000,4,1,2550
400000,3,2.5,2180
365500,3,2,1410
245000,3,2,1410
390000,4,2.5,2340
196500,3,1,1320
1200000,4,1.75,3990
276900,3,1,1270
995000,3,4.5,4380
2300000,4,3.25,4250
505000,3,2.5,1860
1229000,4,3.5,3770
352000,4,1,1530
597326,4,4,3570
800000,2,1,1740
270000,3,2.5,1670
235000,4,2,1570
409900,2,2.5,1590
739900,5,2.5,2980
608000,4,2.5,2690
381500,2,1,900
562100,2,0.75,1440
740000,4,2.5,3000
308000,3,1,1640
905000,5,3.5,3100
762000,4,3.5,4000
356000,4,2,2020
750000,3,1.5,1840
418800,4,2.25,2100
276000,4,2.25,2460
725000,3,2.5,2610
285000,3,2,1460
205000,3,1,1050
583000,3,2.5,1790
657000,4,2.5,2180
386000,4,2.25,2050
589950,5,3,2790
575000,3,2.25,1700
574000,3,2.5,2380
690500,5,2,2000
565000,2,1.75,1670
500000,3,1.5,1190
330000,6,2.25,3040
286000,2,1,780
450000,3,1.5,2330
870000,4,2.75,2840
725000,4,2.5,2490
275000,2,1,770
645000,3,2.75,1850
152000,3,1,1090
315000,4,2,1780
190000,1,0.75,930
700000,4,2.5,2770
233000,3,1,1250
249000,4,2.25,1830
310000,2,1,870
265950,3,1.5,1150
860000,5,3.25,4500
200000,3,1,1150
402000,4,2.25,2000
305000,6,2,1900
505000,3,1.75,1640
1355000,3,1.5,2680
482000,3,2.5,2420
299950,3,1.75,1790
770000,4,2.5,3920
245700,3,2.25,1640
283000,3,1,890
650000,4,2.75,1910
530000,5,2.25,2140
440000,3,1.75,2030
1005000,4,4.5,4225
599990,3,2.25,2680
544000,4,2.5,2030
1700000,5,3.5,5850
270000,2,1,2060
435000,2,1,1060
349000,3,1,1010
1140000,4,2.25,3310
320000,4,2.5,2000
804100,4,2.5,3070
594000,3,2.25,1270
531500,4,2.75,3110
1150000,3,2,2110
374500,3,2.25,1400
450000,4,2.75,2310
744500,5,2.5,2700
913888,5,2.25,2370
760000,4,2.5,2760
346500,2,1.75,1610
280000,3,1.75,1230
557500,3,1.75,1900
260000,3,1.5,1580
1330000,3,1.5,1940
640000,3,1.75,1620
280000,7,2.5,1940
205000,3,1,1230
957000,5,3.25,3160
625000,5,2.5,2700
680000,4,1.5,1880
150000,2,1,890
255950,3,2.5,1720
246500,3,2.5,1620
450000,2,1,1380
595888,3,1.75,1870
454000,3,1,1970
299900,3,1,1110
200000,3,2,1190
346500,3,1,1150
585000,4,2.75,2890
383000,3,1.75,1500
519000,4,2.5,1950
410000,3,1.5,1250
578000,4,2.5,2070
1280000,4,3.5,4660
395000,2,2.25,1350
364000,3,2.5,1800
240000,3,2.25,1481
328423,3,2.5,1730
594000,4,2.75,2720
425000,3,2.5,2320
309620,3,2.5,1860
260000,5,2.5,2025
563500,3,2.5,1400
975000,5,3,2620
937000,3,1.75,2450
518500,3,3.5,1590
563500,4,1.75,2085
1050000,4,3.5,3450
350000,3,2.25,1780
826000,4,2.5,3060
225000,3,2,1700
235867,4,2,1330
399000,4,3,3060
177500,3,1.5,1220
224000,4,1.5,1600
302000,4,1.75,1530
760000,3,2.5,1980
460000,3,2.5,1730
415000,3,1,1170
669000,2,1.75,1950
254600,3,2,1470
357250,3,1.5,1400
910000,4,3.5,4040
725000,6,3,3110
670000,3,1.5,1490
440000,4,1.5,1770
1025000,4,3.5,3320
320000,2,1,950
310000,4,2.5,2430
772650,4,2.5,2660
669950,4,2.5,2670
690000,5,3.5,2720
385000,4,2.5,3200
663000,3,2.5,2480
300000,3,2.25,1780
225500,2,1.75,1590
320000,3,2,1550
775000,3,2.75,2850
805000,3,2.75,2600
252750,4,1,1230
254000,5,2,2080
620000,6,3.5,3600
435000,4,2.75,2110
460000,4,2.5,2550
268000,3,2.5,1650
446000,2,1.5,1370
285000,2,1,1010
530000,3,2,2330
402000,2,1,620
358000,3,1.5,2450
354950,4,2.75,2530
405000,4,2.5,2220
568000,4,1.75,2110
575000,5,3,3690
315000,4,2.5,1940
280927,4,2.25,2070
440000,4,2.5,2160
270000,4,2.25,2600
755000,4,2.75,2880
289659,4,2.25,2260
555000,5,3,3640
450000,3,1.5,1530
1145000,3,2.5,2490
495000,3,1.75,1440
1250000,3,3,3760
580000,4,1.75,1720
560000,4,2.5,2480
1080000,4,3.5,3990
450000,2,1.75,840
815000,3,2,2270
354000,4,2.5,2580
279900,3,1.75,1580
339000,2,1,950
1340000,4,3.5,3190
710000,3,3.25,3740
815000,4,2.75,2620
800000,3,1.75,2080
638000,3,2,1660
475580,3,1.75,1520
243800,3,1,1140
600000,3,2.5,3240
620000,3,2,2460
750000,4,2.75,1750
626000,3,1.75,2430
230000,3,1,1060
537000,3,3,2410
210000,2,1,720
200500,3,1.75,1260
253500,3,1,1640
150000,3,1,1310
440000,3,1.5,2120
667000,3,1.75,3320
660000,3,1,1210
695000,3,2.75,2590
440000,4,2.5,2250
1388000,4,3,4040
219500,3,1,1090
220000,3,1.5,1660
270000,2,1,1780
900000,4,3.5,3370
1990000,5,3,4480
800000,4,2.5,2990
365000,5,2,2280
1387800,3,3,2480
451000,5,2.75,2830
202000,2,1,920
1410000,4,2.25,3250
471000,2,1.75,1240
827000,4,2.5,3230
235000,5,2.5,2500
216500,2,1.75,1390
359000,5,1.75,1940
252500,3,2,1900
370000,3,1.5,2380
663000,3,2,1480
971971,4,3.75,3460
420000,3,1.75,1444
330675,4,3,1930
240000,4,1,1200
334888,3,2.5,1769
414000,3,2.5,2490
782900,4,3.25,3060
525000,4,2.75,3030
429900,3,2.5,2370
390000,3,3.25,1370
224000,3,1.75,1500
257500,3,2.25,1715
665000,2,1,1110
327000,5,2.75,2400
425000,3,1,1520
687500,4,2.75,3190
672500,3,2.25,2400
140000,3,1,1060
215500,2,1.75,1220
464900,4,2.25,2020
417000,4,2.25,2300
453000,4,2.75,2300
700000,3,2.5,1660
1619999,4,3,3900
259500,3,1.75,1650
460000,4,2.5,2110
561500,3,1.75,1960
641000,4,2.5,2770
330000,4,1.75,2440
447000,2,1,1320
320000,4,2.5,2570
212700,2,1,940
260000,2,1,700
410000,3,2,1400
355000,4,2.5,1890
275500,2,1,720
415000,3,1.75,2410
279000,3,2.5,1630
350000,5,1.75,2330
355000,2,2.25,1330
750000,4,2.25,3190
235000,3,1.75,1400
209950,3,1,970
230000,3,1.75,1010
725000,3,2.5,3580
430000,2,1,1050
661500,5,2.5,2500
738000,3,3,2630
1820000,4,4.5,6640
221000,3,1,910
665000,3,2.5,2610
255000,3,2.5,1720
1195000,5,2.75,3650
355000,3,1.75,2040
755000,5,2.5,3260
300000,3,1.5,1590
500000,4,1,1440
191000,2,1,900
315000,6,4,3120
415000,3,2.5,1060
394000,4,2.5,3000
490000,3,2.5,2230
523460,5,1.75,1890
550000,4,3.5,4150
342000,3,1.75,1780
560000,4,2.5,2710
1050000,4,4.25,4390
710000,2,1.5,1640
1020000,3,2.25,1670
399950,3,2.5,2570
480000,2,1,1500
410000,3,1,2710
530000,4,1.75,2860
528000,2,0.75,840
469900,4,2.5,2990
397000,5,1,1170
718500,3,1.5,1200
195000,2,1,1020
285000,2,1,910
295000,1,1,700
602000,4,1.75,2420
235000,3,1.75,1950
465000,4,2.5,3060
234000,4,1,1390
504200,2,1.5,1200
710000,3,2.5,2440
589500,3,3.25,2310
415000,3,2.75,2600
735000,3,2.25,1490
427000,3,2.5,2432
982000,4,2.75,3610
459000,4,3,2530
483453,4,2.75,2790
246950,3,3,1670
235000,1,1.5,1170
288790,4,2,1350
229800,2,1.75,1110
516500,1,1.25,1100
1600000,3,4.25,2820
234000,3,1,1040
230000,2,1.75,1910
300000,4,1,1370
470000,3,1.5,1500
339900,3,1,1200
650000,2,1,1050
585000,5,2.5,2670
699900,4,2.5,2190
598000,4,2.5,3130
475000,3,2.5,1700
314500,3,1.75,1700
397000,3,3.5,1360
345000,3,2,1610
325000,5,2.75,2130
265000,3,1,1800
402000,4,2.75,2950
835000,3,2.25,2120
780000,4,2.5,3500
250000,3,2,1440
1200000,4,2,2120
935000,2,2.5,1780
300000,2,1,960
419000,2,1.75,1510
410000,1,1.5,1010
1165000,3,3,3790
461000,3,1.75,3600
385000,3,1.75,1300
669500,4,2.25,2500
491950,3,2.25,2090
1230000,3,1.75,2200
560000,3,2.25,2070
370000,3,1,1320
263400,4,2,1360
100000,2,1,930
289950,3,2.5,1760
263000,3,1.75,1410
397500,4,2.5,2570
245000,3,2.75,1300
535000,3,1,1580
449000,4,2.5,2960
490000,4,3,2330
445800,4,2.25,2070
345000,2,1,970
327500,3,2.25,2310
436500,4,2.5,2290
550000,3,2.25,1720
441000,2,1.5,1190
406500,2,1,870
243000,2,1.5,1068
359500,4,2.75,2140
760000,4,2.5,3300
1925000,5,4.25,4830
408000,5,3.25,2820
480000,4,3,2440
875000,4,1.5,1800
308000,3,1,1010
880000,4,2.75,3220
1730000,5,3.5,5000
170000,2,1,1200
491500,3,2.25,1470
515000,3,2.5,2600
550000,4,1.5,2750
255000,2,1,1320
635000,3,2.5,3350
850000,3,2.5,2650
265000,2,2,1860
349810,3,1,960
972000,4,1.75,2010
235000,2,1,900
330000,4,2.5,2340
500000,4,3,3720
570000,3,2,1890
1309500,4,2.5,2680
544000,3,2.5,1460
439000,3,2.5,3180
530000,4,2.25,1980
427500,2,2,1090
337000,4,2.5,2230
1095000,4,2.75,3330
435000,4,2,1880
765000,5,3,2870
492650,4,1.75,2120
383962,4,2.5,2700
950000,4,2.5,3670
457000,3,2.5,1220
1510000,5,3.25,4390
882566,4,2.5,3560
963000,4,3.25,3530
345000,4,2.5,2280
2065000,4,3.75,4350
800000,3,3.5,3830
314500,3,2,2050
530000,3,2.5,3660
650000,4,2.5,3350
349500,3,2,1270
1198000,4,3.5,3400
165050,3,1,1200
580000,3,2.5,2200
330000,3,2.5,1680
875000,5,3.5,3840
500000,2,1,950
445000,4,2.5,2280
274900,4,2.5,1970
219950,3,1.5,1620
691500,4,2.5,2600
459500,2,1,1250
955500,4,1.75,2130
328950,4,1.75,2550
307000,3,1,1150
382500,3,1.75,1040
1150000,4,2.5,3340
1297000,6,2.75,2630
478000,3,2.25,1640
260000,2,1,770
850000,4,3.25,4350
616000,4,1.75,1700
540000,3,1.75,2050
300000,3,2.25,1660
507500,3,1.75,1990
3800000,5,5.5,7050
241000,3,2,1770
485000,3,2.25,2440
695000,3,2.5,2620
548000,4,2.5,2440
345000,2,1,1080
280000,3,1,1090
450000,3,1.75,1400
515000,3,2.5,2010
1014250,3,1,1640
739900,5,2.5,3290
600000,2,2.5,2510
370000,2,1,860
729032,4,2.5,2840
510000,3,1.75,1750
425000,3,1.5,1300
1080000,3,2.75,3890
337000,3,2.25,1460
563000,4,1,1410
1695000,4,2.75,3770
245000,3,2,1190
590000,3,2,1410
695000,3,2,2500
402500,2,1,800
435000,3,2.5,2530
660000,3,2,2570
300000,3,2.75,2090
600000,5,2.25,2980
205000,3,1.75,1170
357500,3,3.5,2080
1110000,5,3.25,3350
332888,2,2.5,1050
174000,2,1,900
515000,2,1,1050
392000,5,2.25,3740
485000,4,1.75,1430
217500,3,1.75,1400
502000,3,2.25,1600
820000,3,2.25,2880
1640000,3,3.25,3140
102500,2,1,820
925000,5,5.5,5190
540000,4,2.5,2180
600000,2,1,910
406000,4,1,1580
620000,4,3,2130
1060000,4,2.5,4570
401000,3,2,1240
725000,3,1.75,1860
276000,1,0.75,370
500000,5,3.25,3130
375000,3,1.75,2530
2300000,4,4.75,3970
260000,3,2.25,1920
1565000,4,2.75,2970
431000,4,2.5,2300
321000,4,2.5,1830
433000,4,1.5,1550
920000,4,3.5,4080
482000,3,2.25,1710
712000,3,2.5,2375
505000,4,2.75,2200
2367000,3,2.25,3530
452000,3,1.75,1110
581000,4,1,1630
952500,4,1.5,2550
808000,4,2.25,2500
476000,4,3,2890
535000,4,1.75,1420
1356925,4,3.5,4270
629800,3,2.5,2390
417838,4,2.5,2530
399895,4,2.5,2701
825000,4,2.75,3990
300000,4,2.5,2303
640000,2,2.25,1540
460000,3,2.5,1450
525000,2,2.5,1160
499990,4,2.75,2910
1020000,4,3.5,3770
675000,5,2.25,2900
512031,3,1.75,1540
310000,2,1,700
1075000,3,2.5,3280
255000,4,2,2430
435000,3,2.5,1900
453000,3,2,1660
260000,4,2,1620
659000,4,2,2090
223000,3,2,1110
851000,5,3.25,3760
605000,3,2.25,2080
895000,4,2.25,1950
519000,5,2.25,2570
535000,3,1.75,2330
489000,3,3,3700
250000,3,2.25,1920
580000,3,2.25,1900
1038000,4,1.75,1440
605000,4,2.25,2940
599950,4,3.5,2500
700000,3,2.5,2490
480000,3,2,1470
329950,4,2.5,2120
250000,3,1.75,1200
345000,5,2.5,2450
175000,4,2.5,1780
185000,5,1,1590
411000,4,2,2370
690000,3,1.5,1760
265000,4,3,1940
720000,4,3,3550
256000,4,2.5,2050
255000,4,2.25,1680
540000,3,2.25,1320
481015,3,2.25,1550
575000,3,1.75,2680
339950,3,2.5,2390
475000,4,2.5,2040
732000,3,3.75,2670
860000,4,1.75,1880
389000,4,1.75,2400
645000,3,1.75,2270
475000,4,2.5,1850
550000,4,2.75,2160
305000,2,1,2160
782000,2,1.5,1570
545000,3,2,1340
394500,4,2.5,3002
600000,5,2,2190
1300000,4,1.75,2610
300000,2,1,1010
330000,4,2.5,2105
723000,4,2.25,2430
2271150,4,3.25,4040
480000,5,2.5,2160
496000,2,1,900
625000,3,3,1820
475000,4,2,2100
275250,3,2.25,1520
253000,2,1,1310
630000,4,2.5,2190
660500,5,2.5,2950
262000,5,1,1870
2147500,3,3.5,4660
552000,3,2.5,1840
1411600,2,2.5,3180
736000,2,1,1500
355000,3,1.75,1730
305000,3,1,1580
484998,4,2.5,1540
1054690,4,3.5,3390
334500,2,1.5,830
475000,4,2.75,2620
309780,3,2.5,2242
795000,4,2.5,2890
274500,3,2.25,1450
265050,2,1.5,800
567500,3,2.5,2280
915000,3,4.5,3850
285000,5,2.5,2270
445838,3,2.5,2250
304900,4,1.75,2600
940000,4,2,2490
1127000,4,2.5,3160
835000,4,4.25,4930
290000,3,1,1440
250000,3,1.75,1770
342000,4,2.5,2300
1012000,4,2.5,2980
400000,4,2.25,2230
312500,3,1.75,1830
267000,3,1,1740
575000,3,1.75,1530
810000,3,1.5,1520
850000,3,2.5,3230
1015000,3,3.25,3620
1100000,4,3.75,5070
240000,3,1.75,1570
198000,4,1.75,2080
565000,4,2.5,2230
1195000,5,3,3420
340000,8,2.75,2790
815000,4,2.5,3150
1875000,4,3.25,3930
588000,5,3,2190
280500,4,2.5,1890
390000,4,2,1900
509000,2,1.5,1930
490600,3,2.5,3316
650000,3,1.5,1380
715000,3,4,2080
529950,3,1,1240
265000,3,1,1020
1755000,3,2,2360
1140000,3,2.5,2780
610000,3,2,2300
554729,4,2.5,2020
395000,5,1.75,1840
341000,3,1,1390
264500,4,2.25,2060
395000,4,2.75,2640
640000,3,2.25,1980
430000,3,1.5,1810
410000,4,2.5,1700
220000,4,1,1200
1625000,4,3.25,2980
405500,2,2.75,1350
633000,4,2.5,2360
295950,2,1,1190
1042031,4,5,4110
605000,4,2.5,2800
255000,2,1.5,920
474000,3,1.75,1530
370000,2,1,860
288000,3,2.5,1520
100000,2,0.75,660
1150000,5,2.5,3580
600000,5,2.25,3000
515000,5,3.25,2740
345000,4,2.5,2040
975000,6,2.75,2520
850000,3,2,2470
439990,3,2.5,1930
554950,3,2.5,2950
605000,3,2.5,2610
609000,3,1.75,1630
425000,3,1.5,1400
399900,2,1.75,1410
1025000,4,3.5,4370
2351956,4,4.25,5010
519995,4,3,2590
625000,3,1.5,1300
600000,3,2.5,2320
1200000,4,2.5,2700
1738000,4,2.25,2920
671000,4,3,3130
459500,3,1.75,1470
499000,3,2.5,1540
1280000,4,2.5,3160
395000,3,1.75,1480
861990,5,2.75,3595
382500,2,1,1190
404950,4,2.25,2340
530000,3,1.75,1320
195000,2,1,1190
747500,4,2.25,2350
199990,3,1,1100
548800,4,1,1660
870000,4,3,3040
588000,3,2,1860
775000,4,3.25,4100
670000,6,3,4050
445000,2,2,1240
300000,4,3,2200
480000,3,2.25,1680
300000,3,1,930
360000,3,1.5,1800
527000,6,3.5,3000
875000,3,1.5,1820
266000,4,2.25,1995
866000,4,3.25,3990
335950,2,1.5,800
215000,3,1,960
481000,4,2.5,2286
320000,3,1.75,2220
295000,3,1.75,1940
295000,3,1.5,1640
320000,3,1,1120
780000,4,2,2600
437500,3,2,1490
443000,5,1.75,1650
575000,4,2.5,2400
245000,2,1,1500
450000,3,2.5,1990
536000,2,1.5,1130
685000,3,3.25,2030
373000,4,1.75,1590
450000,3,1.75,1480
645000,4,2.5,2690
1275000,3,2.5,3870
230000,3,1,1390
593000,3,2.75,1830
558000,2,2,1580
538250,3,2.25,2590
475000,5,2.5,2510
209950,3,1.5,1180
410000,3,2.25,1450
1636000,3,2.5,3110
670000,5,2.5,2860
821000,3,2.75,2760
665000,5,2,2800
339000,3,2.5,1450
631500,4,2,2530
570000,3,2,1640
437000,3,1.75,2220
542500,3,2.5,2040
229500,3,1,1230
170500,2,1,1060
391500,3,2.5,1920
296475,3,2.5,1520
1450000,4,3.25,3770
888550,3,2.5,3540
1360000,4,3,5430
328000,3,2,2250
300000,4,2.5,2090
500000,3,2.5,1720
494815,3,2.5,1910
378000,3,2.5,1601
505000,2,2.25,1060
680000,4,2.75,2330
351999,3,2.5,2370
510000,3,2.5,1420
1300000,4,2.25,2360
374000,2,1.5,1260
509900,3,2.5,3030
230000,3,1.75,1140
527700,5,2.5,2820
438000,2,2,1270
900000,3,2.5,3180
1131000,3,2.25,2790
439000,4,2.25,2570
315000,2,1,1080
765000,4,4,3010
332000,3,2.25,2120
600000,3,2.25,1900
378500,3,2.5,2860
190000,3,1,910
645000,4,2.5,2850
780000,2,2.5,2560
370000,3,1.75,1570
875000,4,3.5,3110
1049000,4,3.75,4740
479000,3,1,1340
245000,4,2.25,2600
542000,3,1.75,1070
557500,3,2.25,1820
480000,2,1,1060
330000,3,2.25,2220
160000,3,1,1350
695500,5,2.75,2510
235500,5,2.5,2340
326500,3,1,1060
300000,4,2.5,2200
267000,3,1,1400
292600,3,1.5,1520
362000,5,3,1810
1087500,2,2,2360
357562,2,1.75,1210
789900,3,2.5,3420
513000,3,2.5,1810
336000,3,2.25,2760
560000,4,2.25,1950
1150000,3,2.5,3830
410000,4,2.25,2060
371500,3,1,1650
368000,4,1.75,2100
650000,4,3,3720
308950,4,2.5,1920
440000,3,2,1860
630000,2,2.5,2290
228950,3,1.75,1200
782000,4,3.5,5270
245000,3,2.5,1600
410000,4,2.5,2560
427550,2,1,880
235000,2,1,1020
210000,3,2,960
485000,4,2.25,1900
410000,3,2,1320
435000,4,2.75,2230
300000,3,1,1150
455000,4,3.5,3440
210000,3,1,1070
1050000,4,2.75,2250
458400,4,2.5,1910
390000,3,1.75,1180
148226,3,1,1400
711600,4,3,3580
819000,3,2.75,3176
613000,2,2,1170
592350,2,2,1570
232000,3,1.5,1460
250000,3,1.75,1140
115000,1,2,1150
1115000,4,2.5,3180
585000,4,2.5,2630
580000,3,2.25,1940
165000,1,1,850
430000,3,2,1550
383000,3,2.25,2090
1195000,4,3.5,3960
201500,3,1,1320
690000,4,2.5,3220
325000,2,1,800
375000,3,1.75,1660
600000,4,2.5,2250
340000,3,2.25,2120
890000,4,2.75,2310
415000,4,1.75,1920
255000,3,1.75,1550
530000,2,2.5,1785
468000,3,1.5,1830
970000,5,2.75,3500
599000,3,2,2560
399500,4,1.75,1360
2458000,4,5.25,6500
1205000,4,3.5,3150
325000,2,1,810
1135250,5,4,7320
568000,4,1.75,2790
517000,2,1.5,1920
469950,4,2.75,2530
1675000,3,2.5,3490
2180000,6,2.75,4710
623000,3,1.75,2050
720000,4,2.25,2410
205000,3,1,1180
148000,2,1,630
950000,3,2.5,3480
405000,3,1.5,1010
293000,3,2.25,1910
550000,3,3.5,2490
435000,4,2.5,2150
355000,4,2.75,3000
673000,3,2.75,2830
449990,4,2.5,2680
249000,2,1.5,1090
380000,4,2.5,1984
760005,4,2.75,3090
674600,4,2.5,2610
812000,4,3.5,3370
333490,4,2.5,2250
320000,3,3.25,1450
999000,4,2.5,3130
810000,2,2.75,2700
399950,5,2.75,1970
550000,3,2,1970
290000,3,1.5,1950
232500,3,1.5,1940
1355000,4,3.5,3550
565000,3,2.5,2500
749950,4,2.75,2910
720500,4,2.5,3350
507000,3,1.75,2140
989000,5,4.5,4030
463000,4,2.5,1980
310000,3,1.5,1460
284000,4,1.75,1880
737500,3,1.75,2320
569000,3,3.25,2220
700000,3,1,1410
660000,3,1,1240
275000,4,2,2030
570000,6,3.75,4000
150000,3,0.75,490
356000,3,2.5,1590
610000,3,2.5,2630
498800,2,1.75,1350
226550,3,1,990
692500,4,2.75,3710
250000,3,1,990
660000,4,2.5,2510
295000,2,1,800
154950,4,1,1600
409124,5,3.25,3320
287000,5,1.5,1730
810000,4,1.75,2000
525000,4,2.75,2910
525000,4,1.75,1710
275000,3,1,1200
583000,3,2.5,2600
237950,2,1.75,1460
1065000,4,3.75,4260
679000,4,2.75,2100
1465000,6,4.5,4230
410000,3,1.75,1660
306000,3,1,1450
215000,4,1.5,1860
594950,4,2.5,2720
1250000,4,2.5,2920
305000,3,1.5,1800
425000,2,1,1320
215000,3,1.75,1770
480000,5,2.75,2550
550000,4,1.75,2150
750000,4,2.5,3020
137124,3,1,960
840000,3,2,2783
624800,3,2,2250
630000,3,1.75,1710
590000,3,2.5,2650
599950,3,3.25,1830
299880,3,2.5,1460
400000,3,2,1760
560000,3,2.5,1960
229000,4,2.25,2010
525000,4,2.5,3670
737000,2,2.25,2290
680000,3,2,1780
635000,4,2.5,3080
740000,4,2.5,3360
335500,3,1,1370
270000,4,2.5,1660
1037000,4,3.5,4440
450000,5,2.5,2850
379000,3,2.5,1530
468000,4,2.5,2100
321500,1,1,730
443000,3,2.25,1920
340000,3,1,1600
470000,4,2.25,2380
545000,3,2.5,2760
415000,4,1.5,1840
599000,7,2.5,2580
759000,4,1.75,2100
300000,4,1.75,1820
1681000,5,5.25,4830
359000,3,1.5,1550
550000,4,1,1440
395000,2,1,930
486000,4,2.5,3560
187000,2,1,840
734950,4,3.25,4280
284000,3,1.5,1500
696000,4,3.5,3650
380000,2,1,780
625000,4,1,1600
252000,4,1.75,1120
560000,2,1,1010
395000,4,2.75,1970
900000,4,2.5,2230
2680000,5,3,4290
625000,3,1.75,3160
580000,3,1.75,1850
309000,3,2.25,1980
412000,4,3.5,3360
495000,3,2,2660
215000,3,1,1200
741500,2,2.5,2150
749000,3,2.75,2820
659950,4,2.75,3510
530000,3,2.5,1790
749000,4,2.75,2700
2321000,5,4.75,5780
595000,4,3.25,3730
487000,4,2.5,2540
760000,4,2.25,3300
1240000,5,3.5,5430
435000,4,2.5,2550
374950,3,2.25,1390
440000,3,1.5,1270
360000,4,2.5,2380
879000,4,2.5,3360
1550000,5,4.25,6070
505000,2,1,1240
545000,2,2,2930
600000,2,2.5,2410
775000,6,2.75,2980
725000,2,1.75,1950
610000,4,2.75,2600
350000,4,1,1170
410000,3,1,1470
639000,4,2,1840
439000,4,2,1560
499950,4,1.75,1520
800000,3,2.75,2220
350000,4,2.5,2800
279000,2,1,670
290256,3,2.25,1720
355000,3,2.5,2110
263000,3,1.75,1580
880000,6,2.5,2640
426500,4,2.5,2700
735000,3,2.5,2820
720000,4,2.5,3340
265000,3,2.5,1530
840000,4,3.5,3840
657500,3,2,2320
850000,5,2,2310
436110,3,2.5,1770
589900,2,3,3160
620000,3,1.5,1620
254000,4,2,1510
375000,3,1.75,960
455000,4,2.25,1740
445000,4,2,1470
568500,4,2.5,2460
352500,3,1.75,1170
342500,2,1.75,1210
299950,3,2.5,1870
425000,3,2.5,1950
561000,4,2.5,2570
455500,3,2,1460
400000,3,2.5,2970
443500,4,2.5,2040
1234582,5,3.25,3240
370000,4,2.75,3150
475000,3,2.25,1820
580000,4,2.5,2130
518000,3,1.5,1430
525000,3,2.5,2030
236000,4,2.75,2000
278500,4,2.25,1940
205425,2,1.75,880
248000,3,1,950
505000,3,2.25,1670
657500,3,2.5,2670
670000,3,2.5,2700
202000,1,1,590
440000,4,2.25,2160
690000,4,2.5,2700
375000,6,2.25,3206
291000,3,1.75,1560
230000,3,1.75,1400
850000,4,3.25,3090
84350,4,2,2630
12899000,3,2.5,2190
2110000,4,1,2100
2199900,4,1.5,1120
188000,4,2.75,3260
26590000,3,2,1180
7800,2,1,780
237227.8571,4,2.5,2200
117833.3333,3,1,1340
0,3,1.75,1490
744312.5,4,2.5,2800
0,4,2.75,2600
0,6,2.75,3200
0,5,3.5,3480
439333.3333,3,3.5,3020
280000,3,2.25,1970
0,5,1.5,1500
0,4,4,3680
176225,3,2,1570
500324,3,2.5,2280
444845,3,2.5,1600
330000,3,3,1680
292285.7143,3,1.75,1890
160000,2,1,520
274333.3333,3,2.25,1780
537500,4,3,2920
232333.3333,3,2.25,2430
237333.3333,3,2.75,3010
346750,3,1,1620
0,2,2.5,2200
1020000,3,2.25,2950
0,4,2.25,2170
254000,3,1.5,1770
238750,3,1,1830
268971.875,4,2.5,2380
642000,4,2.5,2550
571986.1111,3,2.5,3720
0,5,4.5,4630
0,5,4,4430
554250,3,2.5,1490
0,4,4.5,5030
0,4,1.5,2180
107500,4,1.5,1590
300000,3,2,1510
0,4,3.5,4210
540833.3333,3,2,1640
274750,4,2.5,1840
148612.5,3,1,1040
326428.5714,3,1,1250
0,5,3.25,3690
135333.3333,4,1,1530
577437.5,4,2.5,2110
440825,3,1.75,2150
195000,5,3.75,5340
257500,4,1.75,2420
692000,4,3.25,5010
176400,2,1,910
193000,3,1.5,2200
646212.5,4,2.5,3430
268971.875,4,2.5,1860
0,4,3.75,3300
317061.875,3,1.75,1280
83300,3,2,1490
0,5,2.25,2880
266066.6667,4,1,1310
342246.4286,4,2.5,1980
0,5,2.25,2000
0,3,3,1860
0,4,3,1990
240015.3333,4,2.25,1720
83300,3,2,1370
316850,4,3,4060
259585.5714,4,2.5,1960
328211.9048,4,2.5,1720
673476.8182,4,2.5,2740
0,4,1,1360
425000,3,2.5,1870
127160,2,1,720
341750,3,2.25,2180
178650,3,1.5,1430
87500,2,1,780
282508.8889,3,1,1180
450385.7143,3,2,1300
435000,4,3,4260
532500,2,1.75,2050
408900,3,1.75,2930
156766.6667,2,1,1500
452500,5,3.5,5960
308830.7692,2,1,810
484991.6667,4,2.75,2320
287919.7826,2,1,1090
247875,2,1,1000
309487.5,3,2.5,2260
173666.6667,4,1,1290
237481.25,3,2,2120
326983.3333,3,2.25,1490
790000,4,2.5,2310
0,1,1,720
678333.3333,3,2.5,1840
542804.75,5,2.75,2910
723243.75,4,2.75,3270
667781.25,5,2.75,3040
108333.3333,3,1,1200
0,5,2.75,2740
535000,4,2.25,2290
596165.4286,4,2,2580
269187.5,3,1.75,1590
148612.5,3,1,1040
0,3,1,1300
0,5,2.5,2090
341166.6667,5,2.75,2670
132500,4,1,1540
557125,4,2.75,3370
228944.4444,3,1.75,1730
592105.7143,3,2.5,1640
535000,4,2.25,2980
420642.8571,3,2,1330
132250,4,2.25,2192
237227.8571,4,2.5,2068
440825,3,1.75,1980
2560498.333,3,2.5,1710
423050.9259,2,1,890
1337044.2,4,3.5,4280
315368.7,3,2.5,3080
417985.7143,4,2.25,2070
723243.75,4,2.75,3010
259950,4,2,2030
0,4,3.75,4060
237333.3333,3,2.75,2340
426090,3,2.5,2340
458663.8889,2,1,1470
812650,4,2.5,3700
135333.3333,4,1,1200
0,5,2.75,2910
0,5,2,1910
0,3,2.5,2880
0,5,2.75,3240
387884.6154,3,1.75,1590
437500,5,3.5,3690
641633.3333,3,2.5,2480
681965.7813,4,2.5,2683
229629.5,2,1,1100
0,4,1,2080
210614.2857,3,2.5,2210
790000,4,3.25,2420
435500,3,3.5,1240
738190.8571,3,2.5,2300
497333.3333,3,1.75,1760
300000,3,2,2020
1036200,4,3.25,2500
163785.7143,2,1,760
351250,4,1.75,1580
645325,3,2.5,2670
171224.8,3,1,1140
0,5,3.75,3870
540000,3,2.75,2750
233166.6667,3,2,1570
329333.3333,3,1.75,1160
225279.4286,3,2.25,2110
331366.6667,3,2.5,1270
460886.9231,4,2.5,3250
337945.75,2,1,940
0,4,1.5,2310
243069.2308,3,1,1130
0,6,3,3020
690408.6207,4,2.5,3210
592105.7143,3,2.5,2650
220083.3333,3,1.75,1150
280000,3,3,3910
297857.1429,4,2.5,3490
950833.3333,5,3,3330
323833.3333,4,1,1940
309000,3,2.5,1800
248400,3,1.75,1880
994500,4,2.25,2870
0,4,2.5,1960
0,4,1,1810
0,2,2.25,1490
0,3,4.5,5230
288500,5,2.5,3390
379509.1667,2,1,880
180785.7143,2,1,2550
950100,4,2.5,3160
0,4,5,4550
542500,5,2.75,3831
362750,2,1.75,1240
234975,4,2.75,2520
672500,4,2.25,2420
391400,4,1.75,1250
0,3,2.75,1310
198995,3,1,1410
278900,3,1,990
171758.3333,3,1,1000
325187.5,3,1.75,2000
190368.75,2,1,1120
375000,5,3.25,3370
216000,3,2.75,2210
0,5,3.5,2640
360500,3,2.5,1150
677099.5652,4,2.5,2150
405125,4,2.75,4230
289987.5,3,1.75,1570
264270,3,2.5,1630
602761,4,2.5,2770
251555.5556,3,1,1750
214750,3,1.5,1090
258125,2,1,930
0,4,2,2100
677099.5652,4,2.5,2540
0,2,1,810
0,2,1.5,1520
167500,1,1,690
471500,4,3,2370
0,4,4.25,3500
464600,2,1,840
132250,4,2.25,1830
433111.1111,3,2.25,1370
542500,5,2.75,2520
0,2,2.25,2130
368112.5,4,2.5,2590
673476.8182,4,2.5,1820
558653.8462,3,2.5,1530
0,4,2.5,4080
168333.3333,2,1,1050
268971.875,4,2.5,1954
318000,2,1.75,1530
550607.1429,4,2,1660
1288333.333,6,4.5,3830
584000,3,1.75,1490
0,3,1,1520
0,5,6.25,8020
245000,3,3,2470
287919.7826,2,1,870
672500,4,2.25,2110
454790,2,1.75,1990
282508.8889,3,1,1560
473200,3,1.5,1740
406062.5,2,1,1290
282766.6667,4,2,1700
486445.8333,3,1.75,1880
486895,3,1,1890
430277.7778,3,2.25,1620
229629.5,2,1,770
0,4,2.25,2890
182805,3,1,1040
380680.5556,4,2.5,2620
396166.6667,3,1.75,1880
252980,4,2.5,2530
289373.3077,3,2.5,2538
210614.2857,3,2.5,1610
308166.6667,3,1.75,1510
534333.3333,3,2.5,1460
416904.1667,3,2.5,3010
203400,4,2,2090
220600,3,2.5,1490
